nominative_original	nominative_stripped	translation	category	hisco_code	all_forms	form_count
ἀγαλματοποιός	αγαλματοποιος	Statue maker	Stonework	16120	αγαλματοποιε|αγαλματοποιοι|αγαλματοποιοις|αγαλματοποιον|αγαλματοποιος|αγαλματοποιου|αγαλματοποιους|αγαλματοποιω|αγαλματοποιων	9
ἀγγειουργός	αγγειουργος	Jar maker	Ceramics	89120	αγγειουργε|αγγειουργοι|αγγειουργοις|αγγειουργον|αγγειουργος|αγγειουργου|αγγειουργους|αγγειουργω|αγγειουργων	9
ἀγκιστροπώλης	αγκιστροπωλης	Seller of fish hooks	Tools	45190	αγκιστροπωλα|αγκιστροπωλαι|αγκιστροπωλαις|αγκιστροπωλας|αγκιστροπωλη|αγκιστροπωληα|αγκιστροπωληη|αγκιστροπωλην|αγκιστροπωληου|αγκιστροπωλης|αγκιστροπωληω|αγκιστροπωλων	12
αἴπολος	αιπολος	Goatherd	Agriculture, Animal Husbandry	61110	αιπολε|αιπολοι|αιπολοις|αιπολον|αιπολος|αιπολου|αιπολους|αιπολω|αιπολων	9
ἀκέστρια	ακεστρια	Seamstress	Textiles	79120	ακεστρα|ακεστραι|ακεστραις|ακεστραν|ακεστρας|ακεστρη|ακεστρην|ακεστρης|ακεστρων	9
ἀλεκτρυοπώλης	αλεκτρυοπωλης	Poulterer	Agriculture, Animal Husbandry	62210	αλεκτρυοπωλα|αλεκτρυοπωλαι|αλεκτρυοπωλαις|αλεκτρυοπωλας|αλεκτρυοπωλη|αλεκτρυοπωληα|αλεκτρυοπωληη|αλεκτρυοπωλην|αλεκτρυοπωληου|αλεκτρυοπωλης|αλεκτρυοπωληω|αλεκτρυοπωλων	12
ἁλιεύς	αλιευς	Fisherman	Seafaring/Maritime	64110	αλιεα|αλιεας|αλιει|αλιεις|αλιευ|αλιευς|αλιευσι|αλιεων|αλιεως	9
ἀλλαντοπώλης	αλλαντοπωλης	Sausage Seller	Food Preparation and Retail	45190	αλλαντοπωλα|αλλαντοπωλαι|αλλαντοπωλαις|αλλαντοπωλας|αλλαντοπωλη|αλλαντοπωληα|αλλαντοπωληη|αλλαντοπωλην|αλλαντοπωληου|αλλαντοπωλης|αλλαντοπωληω|αλλαντοπωλων	12
ἁλουργοπώλης	αλουργοπωλης	Dealer in purple dye	Textiles	75130	αλουργοπωλα|αλουργοπωλαι|αλουργοπωλαις|αλουργοπωλας|αλουργοπωλη|αλουργοπωληα|αλουργοπωληη|αλουργοπωλην|αλουργοπωληου|αλουργοπωλης|αλουργοπωληω|αλουργοπωλων	12
ἁμαξουργός	αμαξουργος	Cartwright	Woodwork	73210	αμαξουργε|αμαξουργοι|αμαξουργοις|αμαξουργον|αμαξουργος|αμαξουργου|αμαξουργους|αμαξουργω|αμαξουργων	9
ἀμόργινος	αμοργινος	Amorgan-technique linen worker	Textiles	75130	αμοργινε|αμοργινοι|αμοργινοις|αμοργινον|αμοργινος|αμοργινου|αμοργινους|αμοργινω|αμοργινων	9
ἀμπελουργός	αμπελουργος	Vine Dresser	Agriculture, Animal Husbandry	61110	αμπελουργε|αμπελουργοι|αμπελουργοις|αμπελουργον|αμπελουργος|αμπελουργου|αμπελουργους|αμπελουργω|αμπελουργων	9
ἀμφορεαφόρος	αμφορεαφορος	Amphora-bearer	Transport	98310	αμφορεαφορε|αμφορεαφοροι|αμφορεαφοροις|αμφορεαφορον|αμφορεαφορος|αμφορεαφορου|αμφορεαφορους|αμφορεαφορω|αμφορεαφορων	9
ἀνδραποδοκάπηλος	ανδραποδοκαπηλος	Slave dealer	Miscellaneous Retail	49190	ανδραποδοκαπηλε|ανδραποδοκαπηλοι|ανδραποδοκαπηλοις|ανδραποδοκαπηλον|ανδραποδοκαπηλος|ανδραποδοκαπηλου|ανδραποδοκαπηλους|ανδραποδοκαπηλω|ανδραποδοκαπηλων	9
ἀνδραποδώνης	ανδραποδωνης	Slave dealer	Miscellaneous Retail	49190	ανδραποδωνα|ανδραποδωναι|ανδραποδωναις|ανδραποδωνας|ανδραποδωνη|ανδραποδωνηα|ανδραποδωνηη|ανδραποδωνην|ανδραποδωνηου|ανδραποδωνης|ανδραποδωνηω|ανδραποδωνων	12
ἀνδριαντοποιός	ανδριαντοποιος	Statue maker	Stonework	16120	ανδριαντοποιε|ανδριαντοποιοι|ανδριαντοποιοις|ανδριαντοποιον|ανδριαντοποιος|ανδριαντοποιου|ανδριαντοποιους|ανδριαντοποιω|ανδριαντοποιων	9
ἀνθρακεύς	ανθρακευς	Charcoal maker	Fuel and Raw Materials	71120	ανθρακεα|ανθρακεας|ανθρακει|ανθρακεις|ανθρακευ|ανθρακευς|ανθρακευσι|ανθρακεων|ανθρακεως	9
ἀνθρακοπώλης	ανθρακοπωλης	Charcoal dealer	Fuel and Raw Materials	71120	ανθρακοπωλα|ανθρακοπωλαι|ανθρακοπωλαις|ανθρακοπωλας|ανθρακοπωλη|ανθρακοπωληα|ανθρακοπωληη|ανθρακοπωλην|ανθρακοπωληου|ανθρακοπωλης|ανθρακοπωληω|ανθρακοπωλων	12
ἀργυρογνώμων	αργυρογνωμων	Assayer of silver	Metalwork	72110	αργυρογνωμον|αργυρογνωμονα|αργυρογνωμονας|αργυρογνωμονες|αργυρογνωμονι|αργυρογνωμονος|αργυρογνωμονων|αργυρογνωμοσι|αργυρογνωμων	9
ἀργυροκοπεῖον	αργυροκοπειον	Silversmith (shop)	Metalwork	72110	αργυροκοπεια|αργυροκοπειοις|αργυροκοπειον|αργυροκοπειου|αργυροκοπειω|αργυροκοπειων	6
ἀργυροκόπος	αργυροκοπος	Coin minter	Metalwork	72110	αργυροκοπε|αργυροκοποι|αργυροκοποις|αργυροκοπον|αργυροκοπος|αργυροκοπου|αργυροκοπους|αργυροκοπω|αργυροκοπων	9
ἁρματοπηγός	αρματοπηγος	Chariot maker	Woodwork	73210	αρματοπηγε|αρματοπηγοι|αρματοπηγοις|αρματοπηγον|αρματοπηγος|αρματοπηγου|αρματοπηγους|αρματοπηγω|αρματοπηγων	9
ἀρτοκόπος	αρτοκοπος	Baker	Food Preparation and Retail	53120	αρτοκοπε|αρτοκοποι|αρτοκοποις|αρτοκοπον|αρτοκοπος|αρτοκοπου|αρτοκοπους|αρτοκοπω|αρτοκοπων	9
ἀρτοποιός	αρτοποιος	Baker	Food Preparation and Retail	53120	αρτοποιε|αρτοποιοι|αρτοποιοις|αρτοποιον|αρτοποιος|αρτοποιου|αρτοποιους|αρτοποιω|αρτοποιων	9
ἀρτοπώλης	αρτοπωλης	Bread Seller	Food Preparation and Retail	51190	αρτοπωλα|αρτοπωλαι|αρτοπωλαις|αρτοπωλας|αρτοπωλη|αρτοπωληα|αρτοπωληη|αρτοπωλην|αρτοπωληου|αρτοπωλης|αρτοπωληω|αρτοπωλων	12
ἀρτόπωλις	αρτοπωλις	Bread Seller	Food Preparation and Retail	51190	αρτοπωλαι|αρτοπωλαις|αρτοπωλας|αρτοπωλη|αρτοπωλην|αρτοπωλης|αρτοπωλων	7
ἀρχιτέκτων	αρχιτεκτων	Architect	Construction	2120	αρχιτεκτον|αρχιτεκτονα|αρχιτεκτονας|αρχιτεκτονες|αρχιτεκτονι|αρχιτεκτονος|αρχιτεκτονων|αρχιτεκτοσι|αρχιτεκτων	9
ἀσκοποιός	ασκοποιος	Wineskin maker	Leatherwork and Footwear	80110	ασκοποιε|ασκοποιοι|ασκοποιοις|ασκοποιον|ασκοποιος|ασκοποιου|ασκοποιους|ασκοποιω|ασκοποιων	9
ἀσκοπώλης	ασκοπωλης	Wineskin maker	Leatherwork and Footwear	80110	ασκοπωλα|ασκοπωλαι|ασκοπωλαις|ασκοπωλας|ασκοπωλη|ασκοπωληα|ασκοπωληη|ασκοπωλην|ασκοπωληου|ασκοπωλης|ασκοπωληω|ασκοπωλων	12
ἀσκοφόρος	ασκοφορος	Wineskin maker	Leatherwork and Footwear	80110	ασκοφορε|ασκοφοροι|ασκοφοροις|ασκοφορον|ασκοφορος|ασκοφορου|ασκοφορους|ασκοφορω|ασκοφορων	9
ἀσπιδοπηγός	ασπιδοπηγος	Shield maker	Armaments	72990	ασπιδοπηγε|ασπιδοπηγοι|ασπιδοπηγοις|ασπιδοπηγον|ασπιδοπηγος|ασπιδοπηγου|ασπιδοπηγους|ασπιδοπηγω|ασπιδοπηγων	9
αὐλοποιός	αυλοποιος	Aulos maker	Musical Instruments	81990	αυλοποιε|αυλοποιοι|αυλοποιοις|αυλοποιον|αυλοποιος|αυλοποιου|αυλοποιους|αυλοποιω|αυλοποιων	9
αὐλοτρύπης	αυλοτρυπης	Aulos maker	Musical Instruments	81990	αυλοτρυπα|αυλοτρυπαι|αυλοτρυπαις|αυλοτρυπας|αυλοτρυπη|αυλοτρυπηα|αυλοτρυπηη|αυλοτρυπην|αυλοτρυπηου|αυλοτρυπης|αυλοτρυπηω|αυλοτρυπων	12
βάπτρια	βαπτρια	Dyer	Textiles	75120	βαπτρα|βαπτραι|βαπτραις|βαπτραν|βαπτρας|βαπτρη|βαπτρην|βαπτρης|βαπτρων	9
βαφεύς	βαφευς	Dyer	Textiles	75120	βαφεα|βαφεας|βαφει|βαφεις|βαφευ|βαφευς|βαφευσι|βαφεων|βαφεως	9
βελονοπώλης	βελονοπωλης	Needle seller	Miscellaneous Retail	45190	βελονοπωλα|βελονοπωλαι|βελονοπωλαις|βελονοπωλας|βελονοπωλη|βελονοπωληα|βελονοπωληη|βελονοπωλην|βελονοπωληου|βελονοπωλης|βελονοπωληω|βελονοπωλων	12
βελονόπωλις	βελονοπωλις	Needle seller	Miscellaneous Retail	45190	βελονοπωλαι|βελονοπωλαις|βελονοπωλας|βελονοπωλη|βελονοπωλην|βελονοπωλης|βελονοπωλων	7
βιβλιαγράφος	βιβλιαγραφος	scrivener	Writing and the Book Trade	30120	βιβλιαγραφε|βιβλιαγραφοι|βιβλιαγραφοις|βιβλιαγραφον|βιβλιαγραφος|βιβλιαγραφου|βιβλιαγραφους|βιβλιαγραφω|βιβλιαγραφων	9
βιβλιοπώλης	βιβλιοπωλης	Bookseller	Writing and the Book Trade	45190	βιβλιοπωλα|βιβλιοπωλαι|βιβλιοπωλαις|βιβλιοπωλας|βιβλιοπωλη|βιβλιοπωληα|βιβλιοπωληη|βιβλιοπωλην|βιβλιοπωληου|βιβλιοπωλης|βιβλιοπωληω|βιβλιοπωλων	12
βουκάπηλος	βουκαπηλος	Cattle Dealer	Agriculture, Animal Husbandry	62210	βουκαπηλε|βουκαπηλοι|βουκαπηλοις|βουκαπηλον|βουκαπηλος|βουκαπηλου|βουκαπηλους|βουκαπηλω|βουκαπηλων	9
βούκολος	βουκολος	Cowherd	Agriculture, Animal Husbandry	61110	βουκολε|βουκολοι|βουκολοις|βουκολον|βουκολος|βουκολου|βουκολους|βουκολω|βουκολων	9
βουφορβός	βουφορβος	Cowherd	Agriculture, Animal Husbandry	61110	βουφορβε|βουφορβοι|βουφορβοις|βουφορβον|βουφορβος|βουφορβου|βουφορβους|βουφορβω|βουφορβων	9
βυρσοδέψης	βυρσοδεψης	Tanner	Leatherwork and Footwear	76120	βυρσοδεψα|βυρσοδεψαι|βυρσοδεψαις|βυρσοδεψας|βυρσοδεψη|βυρσοδεψηα|βυρσοδεψηη|βυρσοδεψην|βυρσοδεψηου|βυρσοδεψης|βυρσοδεψηω|βυρσοδεψων	12
βυρσοπώλης	βυρσοπωλης	Leather seller	Leatherwork and Footwear	45190	βυρσοπωλα|βυρσοπωλαι|βυρσοπωλαις|βυρσοπωλας|βυρσοπωλη|βυρσοπωληα|βυρσοπωληη|βυρσοπωλην|βυρσοπωληου|βυρσοπωλης|βυρσοπωληω|βυρσοπωλων	12
γελγοπώλης	γελγοπωλης	Garlic Seller	Food Preparation and Retail	45190	γελγοπωλα|γελγοπωλαι|γελγοπωλαις|γελγοπωλας|γελγοπωλη|γελγοπωληα|γελγοπωληη|γελγοπωλην|γελγοπωληου|γελγοπωλης|γελγοπωληω|γελγοπωλων	12
γεωμέτρης	γεωμετρης	Surveyor	Construction	6145	γεωμετρα|γεωμετραι|γεωμετραις|γεωμετρας|γεωμετρη|γεωμετρηα|γεωμετρηη|γεωμετρην|γεωμετρηου|γεωμετρης|γεωμετρηω|γεωμετρων	12
γεωργός	γεωργος	Farmer	Agriculture, Animal Husbandry	61110	γεωργε|γεωργοι|γεωργοις|γεωργον|γεωργος|γεωργου|γεωργους|γεωργω|γεωργων	9
γναφαλλουφάντης	γναφαλλουφαντης	Flock weaver	Textiles	75990	γναφαλλουφαντα|γναφαλλουφανται|γναφαλλουφανταις|γναφαλλουφαντας|γναφαλλουφαντη|γναφαλλουφαντηα|γναφαλλουφαντηη|γναφαλλουφαντην|γναφαλλουφαντηου|γναφαλλουφαντης|γναφαλλουφαντηω|γναφαλλουφαντων	12
γναφεύς	γναφευς	Fuller	Textiles	75140	γναφεα|γναφεας|γναφει|γναφεις|γναφευ|γναφευς|γναφευσι|γναφεων|γναφεως	9
γραμματικός	γραμματικος	Grammarian	Literature and Scholarship	13920	γραμματικε|γραμματικοι|γραμματικοις|γραμματικον|γραμματικος|γραμματικου|γραμματικους|γραμματικω|γραμματικων	9
γραμματιστής	γραμματιστης	Elementary school teacher	Education and Training	13130	γραμματιστα|γραμματισται|γραμματισταις|γραμματιστας|γραμματιστη|γραμματιστηα|γραμματιστηη|γραμματιστην|γραμματιστηου|γραμματιστης|γραμματιστηω|γραμματιστων	12
γραφεύς	γραφευς	Scrivener/copyist	Writing and the Book Trade	30120	γραφεα|γραφεας|γραφει|γραφεις|γραφευ|γραφευς|γραφευσι|γραφεων|γραφεως	9
δαιδοσχίστης	δαιδοσχιστης	Pine torch cutter	Fuel and Raw Materials	71990	δαιδοσχιστα|δαιδοσχισται|δαιδοσχισταις|δαιδοσχιστας|δαιδοσχιστη|δαιδοσχιστηα|δαιδοσχιστηη|δαιδοσχιστην|δαιδοσχιστηου|δαιδοσχιστης|δαιδοσχιστηω|δαιδοσχιστων	12
δακτυλιογύφος	δακτυλιογυφος	Gem engraver	Jewellery	88120	δακτυλιογυφε|δακτυλιογυφοι|δακτυλιογυφοις|δακτυλιογυφον|δακτυλιογυφος|δακτυλιογυφου|δακτυλιογυφους|δακτυλιογυφω|δακτυλιογυφων	9
δακτυλιουργός	δακτυλιουργος	Ring maker	Jewellery	88120	δακτυλιουργε|δακτυλιουργοι|δακτυλιουργοις|δακτυλιουργον|δακτυλιουργος|δακτυλιουργου|δακτυλιουργους|δακτυλιουργω|δακτυλιουργων	9
δαφνοπώλης	δαφνοπωλης	Laurel seller	Miscellaneous Retail	45190	δαφνοπωλα|δαφνοπωλαι|δαφνοπωλαις|δαφνοπωλας|δαφνοπωλη|δαφνοπωληα|δαφνοπωληη|δαφνοπωλην|δαφνοπωληου|δαφνοπωλης|δαφνοπωληω|δαφνοπωλων	12
δειπνοποιός	δειπνοποιος	Caterer	Food Preparation and Retail	51190	δειπνοποιε|δειπνοποιοι|δειπνοποιοις|δειπνοποιον|δειπνοποιος|δειπνοποιου|δειπνοποιους|δειπνοποιω|δειπνοποιων	9
διδάσκαλος	διδασκαλος	Teacher	Education and Training	13130	διδασκαλε|διδασκαλοι|διδασκαλοις|διδασκαλον|διδασκαλος|διδασκαλου|διδασκαλους|διδασκαλω|διδασκαλων	9
δικτυοπλόκος	δικτυοπλοκος	Net maker	Cordage and Basketry	71990	δικτυοπλοκε|δικτυοπλοκοι|δικτυοπλοκοις|δικτυοπλοκον|δικτυοπλοκος|δικτυοπλοκου|δικτυοπλοκους|δικτυοπλοκω|δικτυοπλοκων	9
διφθεροπώλης	διφθεροπωλης	Leather seller	Leatherwork and Footwear	45190	διφθεροπωλα|διφθεροπωλαι|διφθεροπωλαις|διφθεροπωλας|διφθεροπωλη|διφθεροπωληα|διφθεροπωληη|διφθεροπωλην|διφθεροπωληου|διφθεροπωλης|διφθεροπωληω|διφθεροπωλων	12
δοιδυκοποιός	δοιδυκοποιος	Pestle maker	Woodwork	73990	δοιδυκοποιε|δοιδυκοποιοι|δοιδυκοποιοις|δοιδυκοποιον|δοιδυκοποιος|δοιδυκοποιου|δοιδυκοποιους|δοιδυκοποιω|δοιδυκοποιων	9
δορυξός	δορυξος	Spear maker	Armaments	72990	δορυξε|δορυξοι|δορυξοις|δορυξον|δορυξος|δορυξου|δορυξους|δορυξω|δορυξων	9
δραπεταγωγός	δραπεταγωγος	runaway catcher	Miscellaneous Retail	49190	δραπεταγωγε|δραπεταγωγοι|δραπεταγωγοις|δραπεταγωγον|δραπεταγωγος|δραπεταγωγου|δραπεταγωγους|δραπεταγωγω|δραπεταγωγων	9
δρεπανουργός	δρεπανουργος	Sickle maker	Tools	83120	δρεπανουργε|δρεπανουργοι|δρεπανουργοις|δρεπανουργον|δρεπανουργος|δρεπανουργου|δρεπανουργους|δρεπανουργω|δρεπανουργων	9
ἐγκριδοπώλης	εγκριδοπωλης	Honey Cake Seller	Food Preparation and Retail	51190	εγκριδοπωλα|εγκριδοπωλαι|εγκριδοπωλαις|εγκριδοπωλας|εγκριδοπωλη|εγκριδοπωληα|εγκριδοπωληη|εγκριδοπωλην|εγκριδοπωληου|εγκριδοπωλης|εγκριδοπωληω|εγκριδοπωλων	12
εἰροπλόκος	ειροπλοκος	Wool weaver or plaiter	Textiles	76990	ειροπλοκε|ειροπλοκοι|ειροπλοκοις|ειροπλοκον|ειροπλοκος|ειροπλοκου|ειροπλοκους|ειροπλοκω|ειροπλοκων	9
ἐλαιοκόμος	ελαιοκομος	Olive Picker/Tender	Agriculture, Animal Husbandry	61110	ελαιοκομε|ελαιοκομοι|ελαιοκομοις|ελαιοκομον|ελαιοκομος|ελαιοκομου|ελαιοκομους|ελαιοκομω|ελαιοκομων	9
ἐλαιολόγος	ελαιολογος	Olive Picker/Tender	Agriculture, Animal Husbandry	61110	ελαιολογε|ελαιολογοι|ελαιολογοις|ελαιολογον|ελαιολογος|ελαιολογου|ελαιολογους|ελαιολογω|ελαιολογων	9
ἔμπορος	εμπορος	Maritime trader	Seafaring/Maritime	41110	εμπορε|εμποροι|εμποροις|εμπορον|εμπορος|εμπορου|εμπορους|εμπορω|εμπορων	9
ἐπίγραμμα	επιγραμμα	Epigrammatist	Drama and Entertainment	17150	επιγραμα|επιγραμαι|επιγραμαις|επιγραμαν|επιγραμας|επιγραμη|επιγραμην|επιγραμης|επιγραμων	9
ἔριθος	εριθος	Woolworker	Textiles	76990	εριθε|εριθοι|εριθοις|εριθον|εριθος|εριθου|εριθους|εριθω|εριθων	9
ἐριοπώλης	εριοπωλης	Wool seller	Textiles	45190	εριοπωλα|εριοπωλαι|εριοπωλαις|εριοπωλας|εριοπωλη|εριοπωληα|εριοπωληη|εριοπωλην|εριοπωληου|εριοπωλης|εριοπωληω|εριοπωλων	12
ἑρμογλύφευς	ερμογλυφευς	Herm carver	Woodwork	73990	ερμογλυφεα|ερμογλυφεας|ερμογλυφει|ερμογλυφεις|ερμογλυφευ|ερμογλυφευς|ερμογλυφευσι|ερμογλυφεων|ερμογλυφεως	9
ζευγότροφος	ζευγοτροφος	Teamster	Agriculture, Animal Husbandry	61110	ζευγοτροφε|ζευγοτροφοι|ζευγοτροφοις|ζευγοτροφον|ζευγοτροφος|ζευγοτροφου|ζευγοτροφους|ζευγοτροφω|ζευγοτροφων	9
ζυγοποιός	ζυγοποιος	Yoke maker	Woodwork	73990	ζυγοποιε|ζυγοποιοι|ζυγοποιοις|ζυγοποιον|ζυγοποιος|ζυγοποιου|ζυγοποιους|ζυγοποιω|ζυγοποιων	9
ἡδύοιονος	ηδυοιονος	Sweet Wine Dealer	Food Preparation and Retail	45190	ηδυοιονε|ηδυοιονοι|ηδυοιονοις|ηδυοιονον|ηδυοιονος|ηδυοιονου|ηδυοιονους|ηδυοιονω|ηδυοιονων	9
ἡνιοποιεῖον	ηνιοποιειον	Bridle maker	Leatherwork and Footwear	80110	ηνιοποιεια|ηνιοποιειοις|ηνιοποιειον|ηνιοποιειου|ηνιοποιειω|ηνιοποιειων	6
ἡνίοχος	ηνιοχος	charioteer	Transport	98510	ηνιοχε|ηνιοχοι|ηνιοχοις|ηνιοχον|ηνιοχος|ηνιοχου|ηνιοχους|ηνιοχω|ηνιοχων	9
θαυματοποιός	θαυματοποιος	street fair entertainer/ puppeteer	Drama and Entertainment	17990	θαυματοποιε|θαυματοποιοι|θαυματοποιοις|θαυματοποιον|θαυματοποιος|θαυματοποιου|θαυματοποιους|θαυματοποιω|θαυματοποιων	9
θεατής	θεατης	Spectator	Drama and Entertainment	17990	θεατα|θεαται|θεαταις|θεατας|θεατη|θεατηα|θεατηη|θεατην|θεατηου|θεατης|θεατηω|θεατων	12
θεατροπώλης	θεατροπωλης	Seller of theatre tickets	Miscellaneous Retail	49190	θεατροπωλα|θεατροπωλαι|θεατροπωλαις|θεατροπωλας|θεατροπωλη|θεατροπωληα|θεατροπωληη|θεατροπωλην|θεατροπωληου|θεατροπωλης|θεατροπωληω|θεατροπωλων	12
θυροποιός	θυροποιος	Door maker	Woodwork	73110	θυροποιε|θυροποιοι|θυροποιοις|θυροποιον|θυροποιος|θυροποιου|θυροποιους|θυροποιω|θυροποιων	9
θωρακοποιός	θωρακοποιος	Cuirass maker	Armaments	72990	θωρακοποιε|θωρακοποιοι|θωρακοποιοις|θωρακοποιον|θωρακοποιος|θωρακοποιου|θωρακοποιους|θωρακοποιω|θωρακοποιων	9
ἱματιοπώλης	ιματιοπωλης	Clothes dealer	Textiles	45190	ιματιοπωλα|ιματιοπωλαι|ιματιοπωλαις|ιματιοπωλας|ιματιοπωλη|ιματιοπωληα|ιματιοπωληη|ιματιοπωλην|ιματιοπωληου|ιματιοπωλης|ιματιοπωληω|ιματιοπωλων	12
ἱματιόπωλις	ιματιοπωλις	Clothes dealer	Textiles	45190	ιματιοπωλαι|ιματιοπωλαις|ιματιοπωλας|ιματιοπωλη|ιματιοπωλην|ιματιοπωλης|ιματιοπωλων	7
ἰπνοπλάθης	ιπνοπλαθης	Oven maker	Ceramics	89120	ιπνοπλαθα|ιπνοπλαθαι|ιπνοπλαθαις|ιπνοπλαθας|ιπνοπλαθη|ιπνοπλαθηα|ιπνοπλαθηη|ιπνοπλαθην|ιπνοπλαθηου|ιπνοπλαθης|ιπνοπλαθηω|ιπνοπλαθων	12
ἰπνοπλάθος	ιπνοπλαθος	Oven maker	Ceramics	89120	ιπνοπλαθε|ιπνοπλαθοι|ιπνοπλαθοις|ιπνοπλαθον|ιπνοπλαθος|ιπνοπλαθου|ιπνοπλαθους|ιπνοπλαθω|ιπνοπλαθων	9
ἱππικός	ιππικος	Riding trainer	Education and Training	18190	ιππικε|ιππικοι|ιππικοις|ιππικον|ιππικος|ιππικου|ιππικους|ιππικω|ιππικων	9
ἱπποδρόμος	ιπποδρομος	Charioteer	Sports and Competition	18990	ιπποδρομε|ιπποδρομοι|ιπποδρομοις|ιπποδρομον|ιπποδρομος|ιπποδρομου|ιπποδρομους|ιπποδρομω|ιπποδρομων	9
ἱστιορράφος	ιστιορραφος	Sail stitcher	Textiles	79120	ιστιορραφε|ιστιορραφοι|ιστιορραφοις|ιστιορραφον|ιστιορραφος|ιστιορραφου|ιστιορραφους|ιστιορραφω|ιστιορραφων	9
ἰσχαδοπώλης	ισχαδοπωλης	Seller of Dried Figs	Food Preparation and Retail	45190	ισχαδοπωλα|ισχαδοπωλαι|ισχαδοπωλαις|ισχαδοπωλας|ισχαδοπωλη|ισχαδοπωληα|ισχαδοπωληη|ισχαδοπωλην|ισχαδοπωληου|ισχαδοπωλης|ισχαδοπωληω|ισχαδοπωλων	12
ἰτριοπώλης	ιτριοπωλης	Cake Seller	Food Preparation and Retail	51190	ιτριοπωλα|ιτριοπωλαι|ιτριοπωλαις|ιτριοπωλας|ιτριοπωλη|ιτριοπωληα|ιτριοπωληη|ιτριοπωλην|ιτριοπωληου|ιτριοπωλης|ιτριοπωληω|ιτριοπωλων	12
ἰχθυοπώλης	ιχθυοπωλης	Fishmonger	Food Preparation and Retail	45190	ιχθυοπωλα|ιχθυοπωλαι|ιχθυοπωλαις|ιχθυοπωλας|ιχθυοπωλη|ιχθυοπωληα|ιχθυοπωληη|ιχθυοπωλην|ιχθυοπωληου|ιχθυοπωλης|ιχθυοπωληω|ιχθυοπωλων	12
καναβιουργός	καναβιουργος	Maker of frames (?)	Woodwork	73990	καναβιουργε|καναβιουργοι|καναβιουργοις|καναβιουργον|καναβιουργος|καναβιουργου|καναβιουργους|καναβιουργω|καναβιουργων	9
καπηλίς	καπηλις	Retailer	Miscellaneous Retail	49190	καπηλαι|καπηλαις|καπηλας|καπηλη|καπηλην|καπηλης|καπηλων	7
κάπηλος	καπηλος	Retailer	Miscellaneous Retail	49190	καπηλε|καπηλοι|καπηλοις|καπηλον|καπηλος|καπηλου|καπηλους|καπηλω|καπηλων	9
καρυοπώλης	καρυοπωλης	Nut Seller	Food Preparation and Retail	45190	καρυοπωλα|καρυοπωλαι|καρυοπωλαις|καρυοπωλας|καρυοπωλη|καρυοπωληα|καρυοπωληη|καρυοπωλην|καρυοπωληου|καρυοπωλης|καρυοπωληω|καρυοπωλων	12
καυλοπώλης	καυλοπωλης	Greengrocer	Food Preparation and Retail	45190	καυλοπωλα|καυλοπωλαι|καυλοπωλαις|καυλοπωλας|καυλοπωλη|καυλοπωληα|καυλοπωληη|καυλοπωλην|καυλοπωληου|καυλοπωλης|καυλοπωληω|καυλοπωλων	12
κεκρυφαλοπλόκος	κεκρυφαλοπλοκος	Hairnet maker	Textiles	79120	κεκρυφαλοπλοκε|κεκρυφαλοπλοκοι|κεκρυφαλοπλοκοις|κεκρυφαλοπλοκον|κεκρυφαλοπλοκος|κεκρυφαλοπλοκου|κεκρυφαλοπλοκους|κεκρυφαλοπλοκω|κεκρυφαλοπλοκων	9
κελευστής	κελευστης	Rowing master	Seafaring/Maritime	98110	κελευστα|κελευσται|κελευσταις|κελευστας|κελευστη|κελευστηα|κελευστηη|κελευστην|κελευστηου|κελευστης|κελευστηω|κελευστων	12
κεραμεύς	κεραμευς	Potter	Ceramics	89120	κεραμεα|κεραμεας|κεραμει|κεραμεις|κεραμευ|κεραμευς|κεραμευσι|κεραμεων|κεραμεως	9
κεραμοπώλης	κεραμοπωλης	Pot seller	Ceramics	45190	κεραμοπωλα|κεραμοπωλαι|κεραμοπωλαις|κεραμοπωλας|κεραμοπωλη|κεραμοπωληα|κεραμοπωληη|κεραμοπωλην|κεραμοπωληου|κεραμοπωλης|κεραμοπωληω|κεραμοπωλων	12
κηπουρός	κηπουρος	Market Gardener	Agriculture, Animal Husbandry	62210	κηπουρε|κηπουροι|κηπουροις|κηπουρον|κηπουρος|κηπουρου|κηπουρους|κηπουρω|κηπουρων	9
κηπωρός	κηπωρος	Market Gardener	Agriculture, Animal Husbandry	62210	κηπωρε|κηπωροι|κηπωροις|κηπωρον|κηπωρος|κηπωρου|κηπωρους|κηπωρω|κηπωρων	9
κιθαριστής	κιθαριστης	Kithara teacher/player	Education and Training	13920	κιθαριστα|κιθαρισται|κιθαρισταις|κιθαριστας|κιθαριστη|κιθαριστηα|κιθαριστηη|κιθαριστην|κιθαριστηου|κιθαριστης|κιθαριστηω|κιθαριστων	12
κλινοποιός	κλινοποιος	Furniture maker	Woodwork	95110	κλινοποιε|κλινοποιοι|κλινοποιοις|κλινοποιον|κλινοποιος|κλινοποιου|κλινοποιους|κλινοποιω|κλινοποιων	9
κοιλοπώλης	κοιλοπωλης	tripe seller	Food Preparation and Retail	45190	κοιλοπωλα|κοιλοπωλαι|κοιλοπωλαις|κοιλοπωλας|κοιλοπωλη|κοιλοπωληα|κοιλοπωληη|κοιλοπωλην|κοιλοπωληου|κοιλοπωλης|κοιλοπωληω|κοιλοπωλων	12
κολλοπώλης	κολλοπωλης	Glue seller	Miscellaneous Retail	45190	κολλοπωλα|κολλοπωλαι|κολλοπωλαις|κολλοπωλας|κολλοπωλη|κολλοπωληα|κολλοπωληη|κολλοπωλην|κολλοπωληου|κολλοπωλης|κολλοπωληω|κολλοπωλων	12
κοπρολόγος	κοπρολογος	Dung collector	Transport	98310	κοπρολογε|κοπρολογοι|κοπρολογοις|κοπρολογον|κοπρολογος|κοπρολογου|κοπρολογους|κοπρολογω|κοπρολογων	9
κοροπλάθος	κοροπλαθος	Coroplast	Ceramics	89120	κοροπλαθε|κοροπλαθοι|κοροπλαθοις|κοροπλαθον|κοροπλαθος|κοροπλαθου|κοροπλαθους|κοροπλαθω|κοροπλαθων	9
κοσκινοποιός	κοσκινοποιος	Sieve maker	Tools	83990	κοσκινοποιε|κοσκινοποιοι|κοσκινοποιοις|κοσκινοποιον|κοσκινοποιος|κοσκινοποιου|κοσκινοποιους|κοσκινοποιω|κοσκινοποιων	9
κοσκινοπώλης	κοσκινοπωλης	Sieve seller	Tools	83990	κοσκινοπωλα|κοσκινοπωλαι|κοσκινοπωλαις|κοσκινοπωλας|κοσκινοπωλη|κοσκινοπωληα|κοσκινοπωληη|κοσκινοπωλην|κοσκινοπωληου|κοσκινοπωλης|κοσκινοπωληω|κοσκινοπωλων	12
κρανοποιός	κρανοποιος	Helmet maker	Armaments	72990	κρανοποιε|κρανοποιοι|κρανοποιοις|κρανοποιον|κρανοποιος|κρανοποιου|κρανοποιους|κρανοποιω|κρανοποιων	9
κρεοπώλης	κρεοπωλης	Butcher	Food Preparation and Retail	62210	κρεοπωλα|κρεοπωλαι|κρεοπωλαις|κρεοπωλας|κρεοπωλη|κρεοπωληα|κρεοπωληη|κρεοπωλην|κρεοπωληου|κρεοπωλης|κρεοπωληω|κρεοπωλων	12
κριθοπώλης	κριθοπωλης	Grain Dealer	Food Preparation and Retail	41110	κριθοπωλα|κριθοπωλαι|κριθοπωλαις|κριθοπωλας|κριθοπωλη|κριθοπωληα|κριθοπωληη|κριθοπωλην|κριθοπωληου|κριθοπωλης|κριθοπωληω|κριθοπωλων	12
κροκοπώλης	κροκοπωλης	Saffron Seller	Food Preparation and Retail	45190	κροκοπωλα|κροκοπωλαι|κροκοπωλαις|κροκοπωλας|κροκοπωλη|κροκοπωληα|κροκοπωληη|κροκοπωλην|κροκοπωληου|κροκοπωλης|κροκοπωληω|κροκοπωλων	12
κρομμυοπώλης	κρομμυοπωλης	Onion Seller	Food Preparation and Retail	45190	κρομμυοπωλα|κρομμυοπωλαι|κρομμυοπωλαις|κρομμυοπωλας|κρομμυοπωλη|κρομμυοπωληα|κρομμυοπωληη|κρομμυοπωλην|κρομμυοπωληου|κρομμυοπωλης|κρομμυοπωληω|κρομμυοπωλων	12
κτενοπώλης	κτενοπωλης	Comb seller	Miscellaneous Retail	49190	κτενοπωλα|κτενοπωλαι|κτενοπωλαις|κτενοπωλας|κτενοπωλη|κτενοπωληα|κτενοπωληη|κτενοπωλην|κτενοπωληου|κτενοπωλης|κτενοπωληω|κτενοπωλων	12
κυβερνήτης	κυβερνητης	Helmsman	Seafaring/Maritime	98110	κυβερνητα|κυβερνηται|κυβερνηταις|κυβερνητας|κυβερνητη|κυβερνητηα|κυβερνητηη|κυβερνητην|κυβερνητηου|κυβερνητης|κυβερνητηω|κυβερνητων	12
κυμινοπώλης	κυμινοπωλης	Cumin Seller	Food Preparation and Retail	45190	κυμινοπωλα|κυμινοπωλαι|κυμινοπωλαις|κυμινοπωλας|κυμινοπωλη|κυμινοπωληα|κυμινοπωληη|κυμινοπωλην|κυμινοπωληου|κυμινοπωλης|κυμινοπωληω|κυμινοπωλων	12
κυρηβιοπώλης	κυρηβιοπωλης	Chaff seller	Miscellaneous Retail	45190	κυρηβιοπωλα|κυρηβιοπωλαι|κυρηβιοπωλαις|κυρηβιοπωλας|κυρηβιοπωλη|κυρηβιοπωληα|κυρηβιοπωληη|κυρηβιοπωλην|κυρηβιοπωληου|κυρηβιοπωλης|κυρηβιοπωληω|κυρηβιοπωλων	12
κωμῳδοποιός	κωμωδοποιος	Comic poet/playwright	Drama and Entertainment	17110	κωμωδοποιε|κωμωδοποιοι|κωμωδοποιοις|κωμωδοποιον|κωμωδοποιος|κωμωδοποιου|κωμωδοποιους|κωμωδοποιω|κωμωδοποιων	9
λαχανόπολις	λαχανοπολις	Greengrocer	Food Preparation and Retail	45190	λαχανοπολαι|λαχανοπολαις|λαχανοπολας|λαχανοπολη|λαχανοπολην|λαχανοπολης|λαχανοπολων	7
λεκιθοπώλης	λεκιθοπωλης	Pulse Seller	Food Preparation and Retail	45190	λεκιθοπωλα|λεκιθοπωλαι|λεκιθοπωλαις|λεκιθοπωλας|λεκιθοπωλη|λεκιθοπωληα|λεκιθοπωληη|λεκιθοπωλην|λεκιθοπωληου|λεκιθοπωλης|λεκιθοπωληω|λεκιθοπωλων	12
ληκυθοπώλης	ληκυθοπωλης	Oil flask seller	Ceramics	45190	ληκυθοπωλα|ληκυθοπωλαι|ληκυθοπωλαις|ληκυθοπωλας|ληκυθοπωλη|ληκυθοπωληα|ληκυθοπωληη|ληκυθοπωλην|ληκυθοπωληου|ληκυθοπωλης|ληκυθοπωληω|ληκυθοπωλων	12
λιβανοπώλης	λιβανοπωλης	Incense seller	Perfumes, Aromatics, and Nostrums	45190	λιβανοπωλα|λιβανοπωλαι|λιβανοπωλαις|λιβανοπωλας|λιβανοπωλη|λιβανοπωληα|λιβανοπωληη|λιβανοπωλην|λιβανοπωληου|λιβανοπωλης|λιβανοπωληω|λιβανοπωλων	12
λιβανοτοπώλης	λιβανοτοπωλης	Incense seller	Perfumes, Aromatics, and Nostrums	45190	λιβανοτοπωλα|λιβανοτοπωλαι|λιβανοτοπωλαις|λιβανοτοπωλας|λιβανοτοπωλη|λιβανοτοπωληα|λιβανοτοπωληη|λιβανοτοπωλην|λιβανοτοπωληου|λιβανοτοπωλης|λιβανοτοπωληω|λιβανοτοπωλων	12
λιβανοτόπωλις	λιβανοτοπωλις	Incense seller	Perfumes, Aromatics, and Nostrums	45190	λιβανοτοπωλαι|λιβανοτοπωλαις|λιβανοτοπωλας|λιβανοτοπωλη|λιβανοτοπωλην|λιβανοτοπωλης|λιβανοτοπωλων	7
λιθοκόπος	λιθοκοπος	Stonecutter/quarryman	Stonework	82120	λιθοκοπε|λιθοκοποι|λιθοκοποις|λιθοκοπον|λιθοκοπος|λιθοκοπου|λιθοκοπους|λιθοκοπω|λιθοκοπων	9
λιθουργός	λιθουργος	Stonemason	Stonework	82120	λιθουργε|λιθουργοι|λιθουργοις|λιθουργον|λιθουργος|λιθουργου|λιθουργους|λιθουργω|λιθουργων	9
λινουργός	λινουργος	Linen worker	Textiles	75130	λινουργε|λινουργοι|λινουργοις|λινουργον|λινουργος|λινουργου|λινουργους|λινουργω|λινουργων	9
λιτροπώλης	λιτροπωλης	Nitre seller	Fuel and Raw Materials	45190	λιτροπωλα|λιτροπωλαι|λιτροπωλαις|λιτροπωλας|λιτροπωλη|λιτροπωληα|λιτροπωληη|λιτροπωλην|λιτροπωληου|λιτροπωλης|λιτροπωληω|λιτροπωλων	12
λογόγραφος	λογογραφος	Speech-writer	Writing and the Book Trade	15120	λογογραφε|λογογραφοι|λογογραφοις|λογογραφον|λογογραφος|λογογραφου|λογογραφους|λογογραφω|λογογραφων	9
λοφοποιός	λοφοποιος	Maker of helmet crests	Armaments	72990	λοφοποιε|λοφοποιοι|λοφοποιοις|λοφοποιον|λοφοποιος|λοφοποιου|λοφοποιους|λοφοποιω|λοφοποιων	9
λυγειπνός	λυγειπνος	Singer	Drama and Entertainment	17320	λυγειπνε|λυγειπνοι|λυγειπνοις|λυγειπνον|λυγειπνος|λυγειπνου|λυγειπνους|λυγειπνω|λυγειπνων	9
λυροποιός	λυροποιος	Lyre maker	Musical Instruments	81990	λυροποιε|λυροποιοι|λυροποιοις|λυροποιον|λυροποιος|λυροποιου|λυροποιους|λυροποιω|λυροποιων	9
λυχνοποιός	λυχνοποιος	Lamp maker	Ceramics	89120	λυχνοποιε|λυχνοποιοι|λυχνοποιοις|λυχνοποιον|λυχνοποιος|λυχνοποιου|λυχνοποιους|λυχνοποιω|λυχνοποιων	9
λυχνοπώλης	λυχνοπωλης	Lamp seller	Ceramics	45190	λυχνοπωλα|λυχνοπωλαι|λυχνοπωλαις|λυχνοπωλας|λυχνοπωλη|λυχνοπωληα|λυχνοπωληη|λυχνοπωλην|λυχνοπωληου|λυχνοπωλης|λυχνοπωληω|λυχνοπωλων	12
μανθάνων	μανθανων	Student	Literature and Scholarship	13990	μανθανον|μανθανονα|μανθανονας|μανθανονες|μανθανονι|μανθανονος|μανθανονων|μανθανοσι|μανθανων	9
μάντις	μαντις	Seer	Education and Training	14990	μανται|μανταις|μαντας|μαντη|μαντην|μαντης|μαντων	7
μαχαιροποιός	μαχαιροποιος	Knife maker	Tools	83120	μαχαιροποιε|μαχαιροποιοι|μαχαιροποιοις|μαχαιροποιον|μαχαιροποιος|μαχαιροποιου|μαχαιροποιους|μαχαιροποιω|μαχαιροποιων	9
μαχαιροπώλης	μαχαιροπωλης	Knife seller	Tools	45190	μαχαιροπωλα|μαχαιροπωλαι|μαχαιροπωλαις|μαχαιροπωλας|μαχαιροπωλη|μαχαιροπωληα|μαχαιροπωληη|μαχαιροπωλην|μαχαιροπωληου|μαχαιροπωλης|μαχαιροπωληω|μαχαιροπωλων	12
μελιτοπώλης	μελιτοπωλης	Honey Seller	Food Preparation and Retail	45190	μελιτοπωλα|μελιτοπωλαι|μελιτοπωλαις|μελιτοπωλας|μελιτοπωλη|μελιτοπωληα|μελιτοπωληη|μελιτοπωλην|μελιτοπωληου|μελιτοπωλης|μελιτοπωληω|μελιτοπωλων	12
μελιττουργός	μελιττουργος	Beekeeper	Agriculture, Animal Husbandry	62210	μελιττουργε|μελιττουργοι|μελιττουργοις|μελιττουργον|μελιττουργος|μελιττουργου|μελιττουργους|μελιττουργω|μελιττουργων	9
μεμβραδοπώλης	μεμβραδοπωλης	Sardine Seller	Food Preparation and Retail	45190	μεμβραδοπωλα|μεμβραδοπωλαι|μεμβραδοπωλαις|μεμβραδοπωλας|μεμβραδοπωλη|μεμβραδοπωληα|μεμβραδοπωληη|μεμβραδοπωλην|μεμβραδοπωληου|μεμβραδοπωλης|μεμβραδοπωληω|μεμβραδοπωλων	12
μεταλλεύς	μεταλλευς	Miner	Fuel and Raw Materials	71120	μεταλλεα|μεταλλεας|μεταλλει|μεταλλεις|μεταλλευ|μεταλλευς|μεταλλευσι|μεταλλεων|μεταλλεως	9
μεταλλευτής	μεταλλευτης	Miner	Fuel and Raw Materials	71120	μεταλλευτα|μεταλλευται|μεταλλευταις|μεταλλευτας|μεταλλευτη|μεταλλευτηα|μεταλλευτηη|μεταλλευτην|μεταλλευτηου|μεταλλευτης|μεταλλευτηω|μεταλλευτων	12
μολυβδοκόπος	μολυβδοκοπος	Lead cutter	Metalwork	72110	μολυβδοκοπε|μολυβδοκοποι|μολυβδοκοποις|μολυβδοκοπον|μολυβδοκοπος|μολυβδοκοπου|μολυβδοκοπους|μολυβδοκοπω|μολυβδοκοπων	9
μουσικός	μουσικος	Musician	Drama and Entertainment	17320	μουσικε|μουσικοι|μουσικοις|μουσικον|μουσικος|μουσικου|μουσικους|μουσικω|μουσικων	9
μυλοκόπος	μυλοκοπος	Millstone cutter	Stonework	82120	μυλοκοπε|μυλοκοποι|μυλοκοποις|μυλοκοπον|μυλοκοπος|μυλοκοπου|μυλοκοπους|μυλοκοπω|μυλοκοπων	9
μυλωθρός	μυλωθρος	Miller	Food Preparation and Retail	54120	μυλωθρε|μυλωθροι|μυλωθροις|μυλωθρον|μυλωθρος|μυλωθρου|μυλωθρους|μυλωθρω|μυλωθρων	9
μυρεψός	μυρεψος	Perfume boiler	Perfumes, Aromatics, and Nostrums	6390	μυρεψε|μυρεψοι|μυρεψοις|μυρεψον|μυρεψος|μυρεψου|μυρεψους|μυρεψω|μυρεψων	9
μυροπώλης	μυροπωλης	Perfume seller	Perfumes, Aromatics, and Nostrums	45190	μυροπωλα|μυροπωλαι|μυροπωλαις|μυροπωλας|μυροπωλη|μυροπωληα|μυροπωληη|μυροπωλην|μυροπωληου|μυροπωλης|μυροπωληω|μυροπωλων	12
μυρόπωλις	μυροπωλις	Perfume seller	Perfumes, Aromatics, and Nostrums	45190	μυροπωλαι|μυροπωλαις|μυροπωλας|μυροπωλη|μυροπωλην|μυροπωλης|μυροπωλων	7
μυστριοπώλης	μυστριοπωλης	Spoon seller	Miscellaneous Retail	45190	μυστριοπωλα|μυστριοπωλαι|μυστριοπωλαις|μυστριοπωλας|μυστριοπωλη|μυστριοπωληα|μυστριοπωληη|μυστριοπωλην|μυστριοπωληου|μυστριοπωλης|μυστριοπωληω|μυστριοπωλων	12
ναύκληρος	ναυκληρος	Shipmaster	Seafaring/Maritime	98110	ναυκληρε|ναυκληροι|ναυκληροις|ναυκληρον|ναυκληρος|ναυκληρου|ναυκληρους|ναυκληρω|ναυκληρων	9
ναυπηγός	ναυπηγος	Shipwright	Woodwork	73210	ναυπηγε|ναυπηγοι|ναυπηγοις|ναυπηγον|ναυπηγος|ναυπηγου|ναυπηγους|ναυπηγω|ναυπηγων	9
ναύτης	ναυτης	Sailor	Seafaring/Maritime	98110	ναυτα|ναυται|ναυταις|ναυτας|ναυτη|ναυτηα|ναυτηη|ναυτην|ναυτηου|ναυτης|ναυτηω|ναυτων	12
νευρορράφος	νευρορραφος	Cobbler	Leatherwork and Footwear	80110	νευρορραφε|νευρορραφοι|νευρορραφοις|νευρορραφον|νευρορραφος|νευρορραφου|νευρορραφους|νευρορραφω|νευρορραφων	9
ξιφουργός	ξιφουργος	Swordsmith	Armaments	72110	ξιφουργε|ξιφουργοι|ξιφουργοις|ξιφουργον|ξιφουργος|ξιφουργου|ξιφουργους|ξιφουργω|ξιφουργων	9
ξυλοπώλης	ξυλοπωλης	Timber wholesaler	Woodwork	41110	ξυλοπωλα|ξυλοπωλαι|ξυλοπωλαις|ξυλοπωλας|ξυλοπωλη|ξυλοπωληα|ξυλοπωληη|ξυλοπωλην|ξυλοπωληου|ξυλοπωλης|ξυλοπωληω|ξυλοπωλων	12
ξυλουργός	ξυλουργος	Turner	Woodwork	73990	ξυλουργε|ξυλουργοι|ξυλουργοις|ξυλουργον|ξυλουργος|ξυλουργου|ξυλουργους|ξυλουργω|ξυλουργων	9
ὀβελισκοποιός	οβελισκοποιος	Skewer maker	Metalwork	83120	οβελισκοποιε|οβελισκοποιοι|οβελισκοποιοις|οβελισκοποιον|οβελισκοποιος|οβελισκοποιου|οβελισκοποιους|οβελισκοποιω|οβελισκοποιων	9
πηλοφορῶν	πηλοφορων	Carrier of clay or mortar	Transport	98310	πηλοφορον|πηλοφορονα|πηλοφορονας|πηλοφορονες|πηλοφορονι|πηλοφορονος|πηλοφορονων|πηλοφοροσι|πηλοφορων	9
οἰκοδομος	οικοδομος	Builder	Construction	95110	οικοδομε|οικοδομοι|οικοδομοις|οικοδομον|οικοδομος|οικοδομου|οικοδομους|οικοδομω|οικοδομων	9
οἰνοπώλης	οινοπωλης	Wine Dealer	Food Preparation and Retail	45190	οινοπωλα|οινοπωλαι|οινοπωλαις|οινοπωλας|οινοπωλη|οινοπωληα|οινοπωληη|οινοπωλην|οινοπωληου|οινοπωλης|οινοπωληω|οινοπωλων	12
οἰσουργός	οισουργος	Basketmaker	Cordage and Basketry	71990	οισουργε|οισουργοι|οισουργοις|οισουργον|οισουργος|οισουργου|οισουργους|οισουργω|οισουργων	9
ὁλμοποιός	ολμοποιος	Mortar maker	Woodwork	73990	ολμοποιε|ολμοποιοι|ολμοποιοις|ολμοποιον|ολμοποιος|ολμοποιου|ολμοποιους|ολμοποιω|ολμοποιων	9
ὀνελάτης	ονελατης	Ass driver	Transport	98510	ονελατα|ονελαται|ονελαταις|ονελατας|ονελατη|ονελατηα|ονελατηη|ονελατην|ονελατηου|ονελατης|ονελατηω|ονελατων	12
ὀνοκόμος	ονοκομος	Ass keeper	Transport	98510	ονοκομε|ονοκομοι|ονοκομοις|ονοκομον|ονοκομος|ονοκομου|ονοκομους|ονοκομω|ονοκομων	9
ὀξοπώλης	οξοπωλης	Vinegar Dealer	Food Preparation and Retail	45190	οξοπωλα|οξοπωλαι|οξοπωλαις|οξοπωλας|οξοπωλη|οξοπωληα|οξοπωληη|οξοπωλην|οξοπωληου|οξοπωλης|οξοπωληω|οξοπωλων	12
ὁπλομάχος	οπλομαχος	Weapons trainer	Education and Training	18190	οπλομαχε|οπλομαχοι|οπλομαχοις|οπλομαχον|οπλομαχος|οπλομαχου|οπλομαχους|οπλομαχω|οπλομαχων	9
ὀπωρώνης	οπωρωνης	Fruit Seller	Agriculture, Animal Husbandry	62210	οπωρωνα|οπωρωναι|οπωρωναις|οπωρωνας|οπωρωνη|οπωρωνηα|οπωρωνηη|οπωρωνην|οπωρωνηου|οπωρωνης|οπωρωνηω|οπωρωνων	12
ὀρεοκόμος	ορεοκομος	Muleteer	Transport	98510	ορεοκομε|ορεοκομοι|ορεοκομοις|ορεοκομον|ορεοκομος|ορεοκομου|ορεοκομους|ορεοκομω|ορεοκομων	9
ὀρνιθευτής	ορνιθευτης	Fowler	Agriculture, Animal Husbandry	64120	ορνιθευτα|ορνιθευται|ορνιθευταις|ορνιθευτας|ορνιθευτη|ορνιθευτηα|ορνιθευτηη|ορνιθευτην|ορνιθευτηου|ορνιθευτης|ορνιθευτηω|ορνιθευτων	12
ὀρνιθοκάπηλος	ορνιθοκαπηλος	Bird Dealer	Agriculture, Animal Husbandry	62210	ορνιθοκαπηλε|ορνιθοκαπηλοι|ορνιθοκαπηλοις|ορνιθοκαπηλον|ορνιθοκαπηλος|ορνιθοκαπηλου|ορνιθοκαπηλους|ορνιθοκαπηλω|ορνιθοκαπηλων	9
ὀρνιθοπώλης	ορνιθοπωλης	Bird Dealer	Agriculture, Animal Husbandry	62210	ορνιθοπωλα|ορνιθοπωλαι|ορνιθοπωλαις|ορνιθοπωλας|ορνιθοπωλη|ορνιθοπωληα|ορνιθοπωληη|ορνιθοπωλην|ορνιθοπωληου|ορνιθοπωλης|ορνιθοπωληω|ορνιθοπωλων	12
ὀρτυγοθήρας	ορτυγοθηρας	Quail Trapper	Agriculture, Animal Husbandry	61110	ορτυγοθηρα|ορτυγοθηραα|ορτυγοθηραη|ορτυγοθηραι|ορτυγοθηραις|ορτυγοθηραν|ορτυγοθηραου|ορτυγοθηρας|ορτυγοθηραω|ορτυγοθηρων	10
ὀρτυγοκόμος	ορτυγοκομος	Quail Rearer	Agriculture, Animal Husbandry	61110	ορτυγοκομε|ορτυγοκομοι|ορτυγοκομοις|ορτυγοκομον|ορτυγοκομος|ορτυγοκομου|ορτυγοκομους|ορτυγοκομω|ορτυγοκομων	9
ὀρτυγοπώλης	ορτυγοπωλης	Quail Dealer	Agriculture, Animal Husbandry	62210	ορτυγοπωλα|ορτυγοπωλαι|ορτυγοπωλαις|ορτυγοπωλας|ορτυγοπωλη|ορτυγοπωληα|ορτυγοπωληη|ορτυγοπωλην|ορτυγοπωληου|ορτυγοπωλης|ορτυγοπωληω|ορτυγοπωλων	12
ὀρτυγοτρόφος	ορτυγοτροφος	Quail Rearer	Agriculture, Animal Husbandry	61110	ορτυγοτροφε|ορτυγοτροφοι|ορτυγοτροφοις|ορτυγοτροφον|ορτυγοτροφος|ορτυγοτροφου|ορτυγοτροφους|ορτυγοτροφω|ορτυγοτροφων	9
ὀσπριοπώλης	οσπριοπωλης	Pulse Seller	Food Preparation and Retail	45190	οσπριοπωλα|οσπριοπωλαι|οσπριοπωλαις|οσπριοπωλας|οσπριοπωλη|οσπριοπωληα|οσπριοπωληη|οσπριοπωλην|οσπριοπωληου|οσπριοπωλης|οσπριοπωληω|οσπριοπωλων	12
παγκρατιαστής	παγκρατιαστης	Pancratiast	Sports and Competition	18990	παγκρατιαστα|παγκρατιασται|παγκρατιασταις|παγκρατιαστας|παγκρατιαστη|παγκρατιαστηα|παγκρατιαστηη|παγκρατιαστην|παγκρατιαστηου|παγκρατιαστης|παγκρατιαστηω|παγκρατιαστων	12
παιδοτρίβης	παιδοτριβης	Physical trainer	Education and Training	18190	παιδοτριβα|παιδοτριβαι|παιδοτριβαις|παιδοτριβας|παιδοτριβη|παιδοτριβηα|παιδοτριβηη|παιδοτριβην|παιδοτριβηου|παιδοτριβης|παιδοτριβηω|παιδοτριβων	12
παλιγκάπηλος	παλιγκαπηλος	Wholesaler/middleman	Miscellaneous Retail	41110	παλιγκαπηλε|παλιγκαπηλοι|παλιγκαπηλοις|παλιγκαπηλον|παλιγκαπηλος|παλιγκαπηλου|παλιγκαπηλους|παλιγκαπηλω|παλιγκαπηλων	9
πένταθλος	πενταθλος	Pentathlete	Sports and Competition	18990	πενταθλε|πενταθλοι|πενταθλοις|πενταθλον|πενταθλος|πενταθλου|πενταθλους|πενταθλω|πενταθλων	9
περιηγητής	περιηγητης	Traveler	Exploration and Travel	43190	περιηγητα|περιηγηται|περιηγηταις|περιηγητας|περιηγητη|περιηγητηα|περιηγητηη|περιηγητην|περιηγητηου|περιηγητης|περιηγητηω|περιηγητων	12
περσικοποιός	περσικοποιος	Maker of slippers	Leatherwork and Footwear	80110	περσικοποιε|περσικοποιοι|περσικοποιοις|περσικοποιον|περσικοποιος|περσικοποιου|περσικοποιους|περσικοποιω|περσικοποιων	9
πιλοποιός	πιλοποιος	Hatter/felter	Textiles	79120	πιλοποιε|πιλοποιοι|πιλοποιοις|πιλοποιον|πιλοποιος|πιλοποιου|πιλοποιους|πιλοποιω|πιλοποιων	9
πινακοπώλης	πινακοπωλης	one who sells birds from a tray	Agriculture, Animal Husbandry	45190	πινακοπωλα|πινακοπωλαι|πινακοπωλαις|πινακοπωλας|πινακοπωλη|πινακοπωληα|πινακοπωληη|πινακοπωλην|πινακοπωληου|πινακοπωλης|πινακοπωληω|πινακοπωλων	12
πλινθουργός	πλινθουργος	Brick maker	Construction	95110	πλινθουργε|πλινθουργοι|πλινθουργοις|πλινθουργον|πλινθουργος|πλινθουργου|πλινθουργους|πλινθουργω|πλινθουργων	9
πλινθόφορος	πλινθοφορος	Brick carrier	Construction	95110	πλινθοφορε|πλινθοφοροι|πλινθοφοροις|πλινθοφορον|πλινθοφορος|πλινθοφορου|πλινθοφορους|πλινθοφορω|πλινθοφορων	9
πλυνεύς	πλυνευς	Clothes washer	Textiles	75140	πλυνεα|πλυνεας|πλυνει|πλυνεις|πλυνευ|πλυνευς|πλυνευσι|πλυνεων|πλυνεως	9
πλύντης	πλυντης	Clothes washer	Textiles	75140	πλυντα|πλυνται|πλυνταις|πλυντας|πλυντη|πλυντηα|πλυντηη|πλυντην|πλυντηου|πλυντης|πλυντηω|πλυντων	12
πλύντρια	πλυντρια	Clothes washer	Textiles	75140	πλυντρα|πλυντραι|πλυντραις|πλυντραν|πλυντρας|πλυντρη|πλυντρην|πλυντρης|πλυντρων	9
ποάστρια	ποαστρια	Herb Cutter	Agriculture, Animal Husbandry	61110	ποαστρα|ποαστραι|ποαστραις|ποαστραν|ποαστρας|ποαστρη|ποαστρην|ποαστρης|ποαστρων	9
ποδωκέας	ποδωκεας	Runner	Sports and Competition	18990	ποδωκεα|ποδωκεαα|ποδωκεαη|ποδωκεαι|ποδωκεαις|ποδωκεαν|ποδωκεαου|ποδωκεας|ποδωκεαω|ποδωκεων	10
ποιητής	ποιητης	Maker, poet	Literature and Scholarship	17150	ποιητα|ποιηται|ποιηταις|ποιητας|ποιητη|ποιητηα|ποιητηη|ποιητην|ποιητηου|ποιητης|ποιητηω|ποιητων	12
ποιητικός	ποιητικος	Poet	Literature and Scholarship	17150	ποιητικε|ποιητικοι|ποιητικοις|ποιητικον|ποιητικος|ποιητικου|ποιητικους|ποιητικω|ποιητικων	9
ποικιλτής	ποικιλτης	Pattern weaver	Textiles	75110	ποικιλτα|ποικιλται|ποικιλταις|ποικιλτας|ποικιλτη|ποικιλτηα|ποικιλτηη|ποικιλτην|ποικιλτηου|ποικιλτης|ποικιλτηω|ποικιλτων	12
ποιμήν	ποιμην	Shepherd	Agriculture, Animal Husbandry	61110	ποιμην|ποιμηνα|ποιμηνας|ποιμηνες|ποιμηνι|ποιμηνος|ποιμηνσι|ποιμηνων	8
πορθμεύς	πορθμευς	Ferryman	Seafaring/Maritime	98110	πορθμεα|πορθμεας|πορθμει|πορθμεις|πορθμευ|πορθμευς|πορθμευσι|πορθμεων|πορθμεως	9
πριονοποιός	πριονοποιος	Saw maker	Tools	83990	πριονοποιε|πριονοποιοι|πριονοποιοις|πριονοποιον|πριονοποιος|πριονοποιου|πριονοποιους|πριονοποιω|πριονοποιων	9
πρίστης	πριστης	Sawyer	Woodwork	73990	πριστα|πρισται|πρισταις|πριστας|πριστη|πριστηα|πριστηη|πριστην|πριστηου|πριστης|πριστηω|πριστων	12
προβατοκάπηλος	προβατοκαπηλος	Sheep Dealer	Agriculture, Animal Husbandry	62210	προβατοκαπηλε|προβατοκαπηλοι|προβατοκαπηλοις|προβατοκαπηλον|προβατοκαπηλος|προβατοκαπηλου|προβατοκαπηλους|προβατοκαπηλω|προβατοκαπηλων	9
προβατοπώλης	προβατοπωλης	Sheep Dealer	Agriculture, Animal Husbandry	62210	προβατοπωλα|προβατοπωλαι|προβατοπωλαις|προβατοπωλας|προβατοπωλη|προβατοπωληα|προβατοπωληη|προβατοπωλην|προβατοπωληου|προβατοπωλης|προβατοπωληω|προβατοπωλων	12
προμετρητής	προμετρητης	Surveyor	Construction	6145	προμετρητα|προμετρηται|προμετρηταις|προμετρητας|προμετρητη|προμετρητηα|προμετρητηη|προμετρητην|προμετρητηου|προμετρητης|προμετρητηω|προμετρητων	12
πρῳρεύς	πρωρευς	Quartermaster	Seafaring/Maritime	98110	πρωρεα|πρωρεας|πρωρει|πρωρεις|πρωρευ|πρωρευς|πρωρευσι|πρωρεων|πρωρεως	9
πυκτεύς	πυκτευς	Boxer	Sports and Competition	18990	πυκτεα|πυκτεας|πυκτει|πυκτεις|πυκτευ|πυκτευς|πυκτευσι|πυκτεων|πυκτεως	9
πυροκάπηλος	πυροκαπηλος	Barley Dealer	Food Preparation and Retail	41110	πυροκαπηλε|πυροκαπηλοι|πυροκαπηλοις|πυροκαπηλον|πυροκαπηλος|πυροκαπηλου|πυροκαπηλους|πυροκαπηλω|πυροκαπηλων	9
πυροπώλης	πυροπωλης	Barley Dealer	Food Preparation and Retail	41110	πυροπωλα|πυροπωλαι|πυροπωλαις|πυροπωλας|πυροπωλη|πυροπωληα|πυροπωληη|πυροπωλην|πυροπωληου|πυροπωλης|πυροπωληω|πυροπωλων	12
ῥακιοσυρραπτάδης	ρακιοσυρραπταδης	Clothes mender	Textiles	79120	ρακιοσυρραπταδα|ρακιοσυρραπταδαι|ρακιοσυρραπταδαις|ρακιοσυρραπταδας|ρακιοσυρραπταδη|ρακιοσυρραπταδηα|ρακιοσυρραπταδηη|ρακιοσυρραπταδην|ρακιοσυρραπταδηου|ρακιοσυρραπταδης|ρακιοσυρραπταδηω|ρακιοσυρραπταδων	12
ῥάπτης	ραπτης	Clothes mender	Textiles	79120	ραπτα|ραπται|ραπταις|ραπτας|ραπτη|ραπτηα|ραπτηη|ραπτην|ραπτηου|ραπτης|ραπτηω|ραπτων	12
ῥήτωρ	ρητωρ	Orator	Literature and Scholarship	17150	ρητωρ|ρητωρα|ρητωρας|ρητωρες|ρητωρι|ρητωρος|ρητωρσι|ρητωρων	8
ῥιζοπώλης	ριζοπωλης	Root seller	Perfumes, Aromatics, and Nostrums	45190	ριζοπωλα|ριζοπωλαι|ριζοπωλαις|ριζοπωλας|ριζοπωλη|ριζοπωληα|ριζοπωληη|ριζοπωλην|ριζοπωληου|ριζοπωλης|ριζοπωληω|ριζοπωλων	12
ῥιζότομος	ριζοτομος	Gatherer of medicinal roots	Perfumes, Aromatics, and Nostrums	6390	ριζοτομε|ριζοτομοι|ριζοτομοις|ριζοτομον|ριζοτομος|ριζοτομου|ριζοτομους|ριζοτομω|ριζοτομων	9
σακχυφάντης	σακχυφαντης	Sackcloth maker	Textiles	79120	σακχυφαντα|σακχυφανται|σακχυφανταις|σακχυφαντας|σακχυφαντη|σακχυφαντηα|σακχυφαντηη|σακχυφαντην|σακχυφαντηου|σακχυφαντης|σακχυφαντηω|σακχυφαντων	12
σησαμοπώλης	σησαμοπωλης	Sesame Seller	Food Preparation and Retail	41110	σησαμοπωλα|σησαμοπωλαι|σησαμοπωλαις|σησαμοπωλας|σησαμοπωλη|σησαμοπωληα|σησαμοπωληη|σησαμοπωλην|σησαμοπωληου|σησαμοπωλης|σησαμοπωληω|σησαμοπωλων	12
σησαμοπώλις	σησαμοπωλις	Sesame Seller	Food Preparation and Retail	41110	σησαμοπωλαι|σησαμοπωλαις|σησαμοπωλας|σησαμοπωλη|σησαμοπωλην|σησαμοπωλης|σησαμοπωλων	7
σιδηροθργός	σιδηροθργος	Ironworker	Metalwork	72110	σιδηροθργε|σιδηροθργοι|σιδηροθργοις|σιδηροθργον|σιδηροθργος|σιδηροθργου|σιδηροθργους|σιδηροθργω|σιδηροθργων	9
σιδηροπώλης	σιδηροπωλης	Iron dealer	Metalwork	45190	σιδηροπωλα|σιδηροπωλαι|σιδηροπωλαις|σιδηροπωλας|σιδηροπωλη|σιδηροπωληα|σιδηροπωληη|σιδηροπωλην|σιδηροπωληου|σιδηροπωλης|σιδηροπωληω|σιδηροπωλων	12
σιλφιοπώλης	σιλφιοπωλης	Silphium Seller	Food Preparation and Retail	45190	σιλφιοπωλα|σιλφιοπωλαι|σιλφιοπωλαις|σιλφιοπωλας|σιλφιοπωλη|σιλφιοπωληα|σιλφιοπωληη|σιλφιοπωλην|σιλφιοπωληου|σιλφιοπωλης|σιλφιοπωληω|σιλφιοπωλων	12
σινδονοπώλης	σινδονοπωλης	Linen seller	Textiles	45190	σινδονοπωλα|σινδονοπωλαι|σινδονοπωλαις|σινδονοπωλας|σινδονοπωλη|σινδονοπωληα|σινδονοπωληη|σινδονοπωλην|σινδονοπωληου|σινδονοπωλης|σινδονοπωληω|σινδονοπωλων	12
σιτοκάπηλος	σιτοκαπηλος	Grain Dealer	Food Preparation and Retail	41110	σιτοκαπηλε|σιτοκαπηλοι|σιτοκαπηλοις|σιτοκαπηλον|σιτοκαπηλος|σιτοκαπηλου|σιτοκαπηλους|σιτοκαπηλω|σιτοκαπηλων	9
σιτοποιός	σιτοποιος	Baker	Food Preparation and Retail	53120	σιτοποιε|σιτοποιοι|σιτοποιοις|σιτοποιον|σιτοποιος|σιτοποιου|σιτοποιους|σιτοποιω|σιτοποιων	9
σιτοπώλης	σιτοπωλης	Grain Dealer	Food Preparation and Retail	41110	σιτοπωλα|σιτοπωλαι|σιτοπωλαις|σιτοπωλας|σιτοπωλη|σιτοπωληα|σιτοπωληη|σιτοπωλην|σιτοπωληου|σιτοπωλης|σιτοπωληω|σιτοπωλων	12
σκανδικοπώλης	σκανδικοπωλης	Wild Chervil Seller	Food Preparation and Retail	45190	σκανδικοπωλα|σκανδικοπωλαι|σκανδικοπωλαις|σκανδικοπωλας|σκανδικοπωλη|σκανδικοπωληα|σκανδικοπωληη|σκανδικοπωλην|σκανδικοπωληου|σκανδικοπωλης|σκανδικοπωληω|σκανδικοπωλων	12
σκαφεύς	σκαφευς	Digger	Agriculture, Animal Husbandry	62990	σκαφεα|σκαφεας|σκαφει|σκαφεις|σκαφευ|σκαφευς|σκαφευσι|σκαφεων|σκαφεως	9
σκευοποιός	σκευοποιος	Maker of drama equipment	Drama and Entertainment	17990	σκευοποιε|σκευοποιοι|σκευοποιοις|σκευοποιον|σκευοποιος|σκευοποιου|σκευοποιους|σκευοποιω|σκευοποιων	9
σκευοπώλης	σκευοπωλης	Seller of equipment	Miscellaneous Retail	49190	σκευοπωλα|σκευοπωλαι|σκευοπωλαις|σκευοπωλας|σκευοπωλη|σκευοπωληα|σκευοπωληη|σκευοπωλην|σκευοπωληου|σκευοπωλης|σκευοπωληω|σκευοπωλων	12
σκηνίτης	σκηνιτης	Stallholder	Miscellaneous Retail	45190	σκηνιτα|σκηνιται|σκηνιταις|σκηνιτας|σκηνιτη|σκηνιτηα|σκηνιτηη|σκηνιτην|σκηνιτηου|σκηνιτης|σκηνιτηω|σκηνιτων	12
σκοροδοπώλης	σκοροδοπωλης	Garlic Seller	Food Preparation and Retail	45190	σκοροδοπωλα|σκοροδοπωλαι|σκοροδοπωλαις|σκοροδοπωλας|σκοροδοπωλη|σκοροδοπωληα|σκοροδοπωληη|σκοροδοπωλην|σκοροδοπωληου|σκοροδοπωλης|σκοροδοπωληω|σκοροδοπωλων	12
σκυλοδέψης	σκυλοδεψης	Tanner	Leatherwork and Footwear	76120	σκυλοδεψα|σκυλοδεψαι|σκυλοδεψαις|σκυλοδεψας|σκυλοδεψη|σκυλοδεψηα|σκυλοδεψηη|σκυλοδεψην|σκυλοδεψηου|σκυλοδεψης|σκυλοδεψηω|σκυλοδεψων	12
σκυτοδέψης	σκυτοδεψης	Leather worker/shoemaker	Leatherwork and Footwear	80110	σκυτοδεψα|σκυτοδεψαι|σκυτοδεψαις|σκυτοδεψας|σκυτοδεψη|σκυτοδεψηα|σκυτοδεψηη|σκυτοδεψην|σκυτοδεψηου|σκυτοδεψης|σκυτοδεψηω|σκυτοδεψων	12
σκυτοπώλης	σκυτοπωλης	Leather seller	Leatherwork and Footwear	45190	σκυτοπωλα|σκυτοπωλαι|σκυτοπωλαις|σκυτοπωλας|σκυτοπωλη|σκυτοπωληα|σκυτοπωληη|σκυτοπωλην|σκυτοπωληου|σκυτοπωλης|σκυτοπωληω|σκυτοπωλων	12
σκυτότομος	σκυτοτομος	Leather worker/shoemaker	Leatherwork and Footwear	80110	σκυτοτομε|σκυτοτομοι|σκυτοτομοις|σκυτοτομον|σκυτοτομος|σκυτοτομου|σκυτοτομους|σκυτοτομω|σκυτοτομων	9
σοροπηγός	σοροπηγος	coffin maker	Woodwork	73990	σοροπηγε|σοροπηγοι|σοροπηγοις|σοροπηγον|σοροπηγος|σοροπηγου|σοροπηγους|σοροπηγω|σοροπηγων	9
σοροποιός	σοροποιος	coffin maker	Woodwork	73990	σοροποιε|σοροποιοι|σοροποιοις|σοροποιον|σοροποιος|σοροποιου|σοροποιους|σοροποιω|σοροποιων	9
σοφιστής	σοφιστης	Philosopher/sophist	Education and Training	19190	σοφιστα|σοφισται|σοφισταις|σοφιστας|σοφιστη|σοφιστηα|σοφιστηη|σοφιστην|σοφιστηου|σοφιστης|σοφιστηω|σοφιστων	12
σπαρτοπώλης	σπαρτοπωλης	Rope dealer	Cordage and Basketry	45190	σπαρτοπωλα|σπαρτοπωλαι|σπαρτοπωλαις|σπαρτοπωλας|σπαρτοπωλη|σπαρτοπωληα|σπαρτοπωληη|σπαρτοπωλην|σπαρτοπωληου|σπαρτοπωλης|σπαρτοπωληω|σπαρτοπωλων	12
σπερματοπώλης	σπερματοπωλης	Seed seller	Miscellaneous Retail	45190	σπερματοπωλα|σπερματοπωλαι|σπερματοπωλαις|σπερματοπωλας|σπερματοπωλη|σπερματοπωληα|σπερματοπωληη|σπερματοπωλην|σπερματοπωληου|σπερματοπωλης|σπερματοπωληω|σπερματοπωλων	12
στεφανοπώλης	στεφανοπωλης	Garland seller	Miscellaneous Retail	45190	στεφανοπωλα|στεφανοπωλαι|στεφανοπωλαις|στεφανοπωλας|στεφανοπωλη|στεφανοπωληα|στεφανοπωληη|στεφανοπωλην|στεφανοπωληου|στεφανοπωλης|στεφανοπωληω|στεφανοπωλων	12
στεφανόπωλις	στεφανοπωλις	Garland seller	Miscellaneous Retail	45190	στεφανοπωλαι|στεφανοπωλαις|στεφανοπωλας|στεφανοπωλη|στεφανοπωλην|στεφανοπωλης|στεφανοπωλων	7
στυππειοπλόκος	στυππειοπλοκος	Ropemaker	Textiles	75990	στυππειοπλοκε|στυππειοπλοκοι|στυππειοπλοκοις|στυππειοπλοκον|στυππειοπλοκος|στυππειοπλοκου|στυππειοπλοκους|στυππειοπλοκω|στυππειοπλοκων	9
στυππειοπώλης	στυππειοπωλης	Rope dealer	Cordage and Basketry	45190	στυππειοπωλα|στυππειοπωλαι|στυππειοπωλαις|στυππειοπωλας|στυππειοπωλη|στυππειοπωληα|στυππειοπωληη|στυππειοπωλην|στυππειοπωληου|στυππειοπωλης|στυππειοπωληω|στυππειοπωλων	12
συβώτης	συβωτης	Swineherd	Agriculture, Animal Husbandry	61110	συβωτα|συβωται|συβωταις|συβωτας|συβωτη|συβωτηα|συβωτηη|συβωτην|συβωτηου|συβωτης|συβωτηω|συβωτων	12
συριγγοποιός	συριγγοποιος	Pan-pipe maker	Musical Instruments	81990	συριγγοποιε|συριγγοποιοι|συριγγοποιοις|συριγγοποιον|συριγγοποιος|συριγγοποιου|συριγγοποιους|συριγγοποιω|συριγγοποιων	9
συρμαιοπώλης	συρμαιοπωλης	Seller of emetics	Perfumes, Aromatics, and Nostrums	45190	συρμαιοπωλα|συρμαιοπωλαι|συρμαιοπωλαις|συρμαιοπωλας|συρμαιοπωλη|συρμαιοπωληα|συρμαιοπωληη|συρμαιοπωλην|συρμαιοπωληου|συρμαιοπωλης|συρμαιοπωληω|συρμαιοπωλων	12
σχοινοπλόκος	σχοινοπλοκος	Ropemaker	Textiles	75990	σχοινοπλοκε|σχοινοπλοκοι|σχοινοπλοκοις|σχοινοπλοκον|σχοινοπλοκος|σχοινοπλοκου|σχοινοπλοκους|σχοινοπλοκω|σχοινοπλοκων	9
ταινιοπώλις	ταινιοπωλις	Ribbon seller	Textiles	45190	ταινιοπωλαι|ταινιοπωλαις|ταινιοπωλας|ταινιοπωλη|ταινιοπωλην|ταινιοπωλης|ταινιοπωλων	7
ταλασιουργός	ταλασιουργος	Woolworker	Textiles	76990	ταλασιουργε|ταλασιουργοι|ταλασιουργοις|ταλασιουργον|ταλασιουργος|ταλασιουργου|ταλασιουργους|ταλασιουργω|ταλασιουργων	9
ταπιδυφάντης	ταπιδυφαντης	Rug weaver	Textiles	75110	ταπιδυφαντα|ταπιδυφανται|ταπιδυφανταις|ταπιδυφαντας|ταπιδυφαντη|ταπιδυφαντηα|ταπιδυφαντηη|ταπιδυφαντην|ταπιδυφαντηου|ταπιδυφαντης|ταπιδυφαντηω|ταπιδυφαντων	12
ταριχοπώλης	ταριχοπωλης	Salt Fish Dealer	Food Preparation and Retail	45190	ταριχοπωλα|ταριχοπωλαι|ταριχοπωλαις|ταριχοπωλας|ταριχοπωλη|ταριχοπωληα|ταριχοπωληη|ταριχοπωλην|ταριχοπωληου|ταριχοπωλης|ταριχοπωληω|ταριχοπωλων	12
τέκτων	τεκτων	Carpenter/joiner	Woodwork	95110	τεκτον|τεκτονα|τεκτονας|τεκτονες|τεκτονι|τεκτονος|τεκτονων|τεκτοσι|τεκτων	9
τεμαχοπώλης	τεμαχοπωλης	Fish Slice Seller	Food Preparation and Retail	45190	τεμαχοπωλα|τεμαχοπωλαι|τεμαχοπωλαις|τεμαχοπωλας|τεμαχοπωλη|τεμαχοπωληα|τεμαχοπωληη|τεμαχοπωλην|τεμαχοπωληου|τεμαχοπωλης|τεμαχοπωληω|τεμαχοπωλων	12
τοξοποιός	τοξοποιος	Bowyer	Armaments	72990	τοξοποιε|τοξοποιοι|τοξοποιοις|τοξοποιον|τοξοποιος|τοξοποιου|τοξοποιους|τοξοποιω|τοξοποιων	9
τραγῳδοποιός	τραγωδοποιος	Tragic poet/playwright	Drama and Entertainment	17110	τραγωδοποιε|τραγωδοποιοι|τραγωδοποιοις|τραγωδοποιον|τραγωδοποιος|τραγωδοποιου|τραγωδοποιους|τραγωδοποιω|τραγωδοποιων	9
τριηραύλης	τριηραυλης	Aulos player on a trireme	Seafaring/Maritime	98110	τριηραυλα|τριηραυλαι|τριηραυλαις|τριηραυλας|τριηραυλη|τριηραυληα|τριηραυληη|τριηραυλην|τριηραυληου|τριηραυλης|τριηραυληω|τριηραυλων	12
τροχοποιός	τροχοποιος	Wheelwright	Woodwork	73210	τροχοποιε|τροχοποιοι|τροχοποιοις|τροχοποιον|τροχοποιος|τροχοποιου|τροχοποιους|τροχοποιω|τροχοποιων	9
τρυγήτρια	τρυγητρια	Fruit Gatherer	Agriculture, Animal Husbandry	61110	τρυγητρα|τρυγητραι|τρυγητραις|τρυγητραν|τρυγητρας|τρυγητρη|τρυγητρην|τρυγητρης|τρυγητρων	9
τυλυφάντης	τυλυφαντης	Cushion weaver	Textiles	75110	τυλυφαντα|τυλυφανται|τυλυφανταις|τυλυφαντας|τυλυφαντη|τυλυφαντηα|τυλυφαντηη|τυλυφαντην|τυλυφαντηου|τυλυφαντης|τυλυφαντηω|τυλυφαντων	12
τυροπώλης	τυροπωλης	Cheesemonger	Food Preparation and Retail	45190	τυροπωλα|τυροπωλαι|τυροπωλαις|τυροπωλας|τυροπωλη|τυροπωληα|τυροπωληη|τυροπωλην|τυροπωληου|τυροπωλης|τυροπωληω|τυροπωλων	12
ὑληφόρος	υληφορος	Wood carrier	Transport	98310	υληφορε|υληφοροι|υληφοροις|υληφορον|υληφορος|υληφορου|υληφορους|υληφορω|υληφορων	9
ὑλότομος	υλοτομος	Woodcutter	Fuel and Raw Materials	71120	υλοτομε|υλοτομοι|υλοτομοις|υλοτομον|υλοτομος|υλοτομου|υλοτομους|υλοτομω|υλοτομων	9
ὑλοφόρος	υλοφορος	Wood carrier	Transport	98310	υλοφορε|υλοφοροι|υλοφοροις|υλοφορον|υλοφορος|υλοφορου|υλοφορους|υλοφορω|υλοφορων	9
ὑοπώλης	υοπωλης	Pig Dealer	Agriculture, Animal Husbandry	62210	υοπωλα|υοπωλαι|υοπωλαις|υοπωλας|υοπωλη|υοπωληα|υοπωληη|υοπωλην|υοπωληου|υοπωλης|υοπωληω|υοπωλων	12
ὑπηρετής	υπηρετης	Architect’s assistant	Construction	95990	υπηρετα|υπηρεται|υπηρεταις|υπηρετας|υπηρετη|υπηρετηα|υπηρετηη|υπηρετην|υπηρετηου|υπηρετης|υπηρετηω|υπηρετων	12
ὑποδηματοποιός	υποδηματοποιος	Sandal maker	Leatherwork and Footwear	80110	υποδηματοποιε|υποδηματοποιοι|υποδηματοποιοις|υποδηματοποιον|υποδηματοποιος|υποδηματοποιου|υποδηματοποιους|υποδηματοποιω|υποδηματοποιων	9
ὑποδιδάσκαλος	υποδιδασκαλος	Teacher’s assistant	Education and Training	13990	υποδιδασκαλε|υποδιδασκαλοι|υποδιδασκαλοις|υποδιδασκαλον|υποδιδασκαλος|υποδιδασκαλου|υποδιδασκαλους|υποδιδασκαλω|υποδιδασκαλων	9
ὑποκριτής	υποκριτης	Actor	Drama and Entertainment	17120	υποκριτα|υποκριται|υποκριταις|υποκριτας|υποκριτη|υποκριτηα|υποκριτηη|υποκριτην|υποκριτηου|υποκριτης|υποκριτηω|υποκριτων	12
ὑφάντης	υφαντης	Weaver	Textiles	75110	υφαντα|υφανται|υφανταις|υφαντας|υφαντη|υφαντηα|υφαντηη|υφαντην|υφαντηου|υφαντης|υφαντηω|υφαντων	12
φαρμακοπώλης	φαρμακοπωλης	Druggist	Perfumes, Aromatics, and Nostrums	6710	φαρμακοπωλα|φαρμακοπωλαι|φαρμακοπωλαις|φαρμακοπωλας|φαρμακοπωλη|φαρμακοπωληα|φαρμακοπωληη|φαρμακοπωλην|φαρμακοπωληου|φαρμακοπωλης|φαρμακοπωληω|φαρμακοπωλων	12
φαρμακοτρίβης	φαρμακοτριβης	Drug (or colour) grinder	Perfumes, Aromatics, and Nostrums	6710	φαρμακοτριβα|φαρμακοτριβαι|φαρμακοτριβαις|φαρμακοτριβας|φαρμακοτριβη|φαρμακοτριβηα|φαρμακοτριβηη|φαρμακοτριβην|φαρμακοτριβηου|φαρμακοτριβης|φαρμακοτριβηω|φαρμακοτριβων	12
φιλόσοφος	φιλοσοφος	Philosopher/sophist	Education and Training	19190	φιλοσοφε|φιλοσοφοι|φιλοσοφοις|φιλοσοφον|φιλοσοφος|φιλοσοφου|φιλοσοφους|φιλοσοφω|φιλοσοφων	9
φορμόφορος	φορμοφορος	Porter/stevedore	Transport	98310	φορμοφορε|φορμοφοροι|φορμοφοροις|φορμοφορον|φορμοφορος|φορμοφορου|φορμοφορους|φορμοφορω|φορμοφορων	9
φόρταξ	φορταξ	Porter/stevedore	Transport	98310	φορταξ|φορταξα|φορταξας|φορταξες|φορταξι|φορταξος|φορταξσι|φορταξων	8
φορτηγός	φορτηγος	Maritime trader	Seafaring/Maritime	41110	φορτηγε|φορτηγοι|φορτηγοις|φορτηγον|φορτηγος|φορτηγου|φορτηγους|φορτηγω|φορτηγων	9
φρεώρυχος	φρεωρυχος	Well-digger	Construction	71120	φρεωρυχε|φρεωρυχοι|φρεωρυχοις|φρεωρυχον|φρεωρυχος|φρεωρυχου|φρεωρυχους|φρεωρυχω|φρεωρυχων	9
χαλκεύς	χαλκευς	Smith	Metalwork	72110	χαλκεα|χαλκεας|χαλκει|χαλκεις|χαλκευ|χαλκευς|χαλκευσι|χαλκεων|χαλκεως	9
χαλκοπώλης	χαλκοπωλης	Bronze dealer	Metalwork	45190	χαλκοπωλα|χαλκοπωλαι|χαλκοπωλαις|χαλκοπωλας|χαλκοπωλη|χαλκοπωληα|χαλκοπωληη|χαλκοπωλην|χαλκοπωληου|χαλκοπωλης|χαλκοπωληω|χαλκοπωλων	12
χαριτόπωλις	χαριτοπωλις	Charm seller	Miscellaneous Retail	45190	χαριτοπωλαι|χαριτοπωλαις|χαριτοπωλας|χαριτοπωλη|χαριτοπωλην|χαριτοπωλης|χαριτοπωλων	7
χιδροπώλης	χιδροπωλης	Seller of Wheaten Groats	Food Preparation and Retail	41110	χιδροπωλα|χιδροπωλαι|χιδροπωλαις|χιδροπωλας|χιδροπωλη|χιδροπωληα|χιδροπωληη|χιδροπωλην|χιδροπωληου|χιδροπωλης|χιδροπωληω|χιδροπωλων	12
χλαμυδουργός	χλαμυδουργος	Mantle maker	Textiles	79120	χλαμυδουργε|χλαμυδουργοι|χλαμυδουργοις|χλαμυδουργον|χλαμυδουργος|χλαμυδουργου|χλαμυδουργους|χλαμυδουργω|χλαμυδουργων	9
χλανιδοποιός	χλανιδοποιος	Cloak maker	Textiles	79120	χλανιδοποιε|χλανιδοποιοι|χλανιδοποιοις|χλανιδοποιον|χλανιδοποιος|χλανιδοποιου|χλανιδοποιους|χλανιδοποιω|χλανιδοποιων	9
χοιροπώλης	χοιροπωλης	Pig Dealer	Agriculture, Animal Husbandry	45190	χοιροπωλα|χοιροπωλαι|χοιροπωλαις|χοιροπωλας|χοιροπωλη|χοιροπωληα|χοιροπωληη|χοιροπωλην|χοιροπωληου|χοιροπωλης|χοιροπωληω|χοιροπωλων	12
χορδοπώλης	χορδοπωλης	Seller of instrument strings	Musical Instruments	45190	χορδοπωλα|χορδοπωλαι|χορδοπωλαις|χορδοπωλας|χορδοπωλη|χορδοπωληα|χορδοπωληη|χορδοπωλην|χορδοπωληου|χορδοπωλης|χορδοπωληω|χορδοπωλων	12
χρησμολόγος	χρησμολογος	oracle interpreter	Education and Training	14990	χρησμολογε|χρησμολογοι|χρησμολογοις|χρησμολογον|χρησμολογος|χρησμολογου|χρησμολογους|χρησμολογω|χρησμολογων	9
χρυσοπώλης	χρυσοπωλης	Gold merchant	Metalwork	45190	χρυσοπωλα|χρυσοπωλαι|χρυσοπωλαις|χρυσοπωλας|χρυσοπωλη|χρυσοπωληα|χρυσοπωληη|χρυσοπωλην|χρυσοπωληου|χρυσοπωλης|χρυσοπωληω|χρυσοπωλων	12
χρυσόχοος	χρυσοχοος	Goldsmith	Metalwork	72110	χρυσοχοε|χρυσοχοοι|χρυσοχοοις|χρυσοχοον|χρυσοχοος|χρυσοχοου|χρυσοχοους|χρυσοχοω|χρυσοχοων	9
χρυσώτής	χρυσωτης	Gilder	Metalwork	72110	χρυσωτα|χρυσωται|χρυσωταις|χρυσωτας|χρυσωτη|χρυσωτηα|χρυσωτηη|χρυσωτην|χρυσωτηου|χρυσωτης|χρυσωτηω|χρυσωτων	12
χυτροπώλης	χυτροπωλης	Pot seller	Ceramics	45190	χυτροπωλα|χυτροπωλαι|χυτροπωλαις|χυτροπωλας|χυτροπωλη|χυτροπωληα|χυτροπωληη|χυτροπωλην|χυτροπωληου|χυτροπωλης|χυτροπωληω|χυτροπωλων	12
ᾠόπωλις	ωοπωλις	Egg Seller	Food Preparation and Retail	45190	ωοπωλαι|ωοπωλαις|ωοπωλας|ωοπωλη|ωοπωλην|ωοπωλης|ωοπωλων	7
βαρβαρικάριος	βαρβαρικαριος	Gilder	Textiles	72110	βαρβαρικαριε|βαρβαρικαριοι|βαρβαρικαριοις|βαρβαρικαριον|βαρβαρικαριος|βαρβαρικαριου|βαρβαρικαριους|βαρβαρικαριω|βαρβαρικαριων	9
λιναριος	λιναριος	Linen worker	Textiles	75130	λιναριε|λιναριοι|λιναριοις|λιναριον|λιναριος|λιναριου|λιναριους|λιναριω|λιναριων	9
καλιγάριος	καλιγαριος	Cobbler	Leatherwork and Footwear	80110	καλιγαριε|καλιγαριοι|καλιγαριοις|καλιγαριον|καλιγαριος|καλιγαριου|καλιγαριους|καλιγαριω|καλιγαριων	9
μονητάριος	μονηταριος	Moneyer	Metalwork	72110	μονηταριε|μονηταριοι|μονηταριοις|μονηταριον|μονηταριος|μονηταριου|μονηταριους|μονηταριω|μονηταριων	9
μονιτάριος	μονιταριος	Moneyer	Metalwork	72110	μονιταριε|μονιταριοι|μονιταριοις|μονιταριον|μονιταριος|μονιταριου|μονιταριους|μονιταριω|μονιταριων	9
πλουμάριος	πλουμαριος	Feather worker	Textiles	79990	πλουμαριε|πλουμαριοι|πλουμαριοις|πλουμαριον|πλουμαριος|πλουμαριου|πλουμαριους|πλουμαριω|πλουμαριων	9
φαβρικέσιος	φαβρικεσιος	Imperial workshop worker	Armaments	72990	φαβρικεσιε|φαβρικεσιοι|φαβρικεσιοις|φαβρικεσιον|φαβρικεσιος|φαβρικεσιου|φαβρικεσιους|φαβρικεσιω|φαβρικεσιων	9
φαυρικίσιος	φαυρικισιος	Imperial workshop worker	Armaments	72990	φαυρικισιε|φαυρικισιοι|φαυρικισιοις|φαυρικισιον|φαυρικισιος|φαυρικισιου|φαυρικισιους|φαυρικισιω|φαυρικισιων	9
λεπτουργός	λεπτουργος	Joiner, wood worker	Construction	95110	λεπτουργε|λεπτουργοι|λεπτουργοις|λεπτουργον|λεπτουργος|λεπτουργου|λεπτουργους|λεπτουργω|λεπτουργων	9
διφθεράριος	διφθεραριος	Parchment-maker	Writing and the Book Trade	76990	διφθεραριε|διφθεραριοι|διφθεραριοις|διφθεραριον|διφθεραριος|διφθεραριου|διφθεραριους|διφθεραριω|διφθεραριων	9
ἀκονητής	ακονητης	Polisher, furbisher, grinder	Woodwork	73990	ακονητα|ακονηται|ακονηταις|ακονητας|ακονητη|ακονητηα|ακονητηη|ακονητην|ακονητηου|ακονητης|ακονητηω|ακονητων	12
ψηφοθέτης	ψηφοθετης	Mosaicer, maker of mosaic	Stonework	16190	ψηφοθετα|ψηφοθεται|ψηφοθεταις|ψηφοθετας|ψηφοθετη|ψηφοθετηα|ψηφοθετηη|ψηφοθετην|ψηφοθετηου|ψηφοθετης|ψηφοθετηω|ψηφοθετων	12
μουσιάριος	μουσιαριος	Mosaic worker	Stonework	16190	μουσιαριε|μουσιαριοι|μουσιαριοις|μουσιαριον|μουσιαριος|μουσιαριου|μουσιαριους|μουσιαριω|μουσιαριων	9
βρακάριος	βρακαριος	Maker of trousers	Textiles	79120	βρακαριε|βρακαριοι|βρακαριοις|βρακαριον|βρακαριος|βρακαριου|βρακαριους|βρακαριω|βρακαριων	9
καβάτωρ	καβατωρ	Engraver, maker of hollow spaces	Miscellaneous	88120	καβατωρ|καβατωρα|καβατωρας|καβατωρες|καβατωρι|καβατωρος|καβατωρσι|καβατωρων	8
καψάριος	καψαριος	Maker of small bags	Leatherwork and Footwear	80110	καψαριε|καψαριοι|καψαριοις|καψαριον|καψαριος|καψαριου|καψαριους|καψαριω|καψαριων	9
κοροράτωρ	κορορατωρ	Decorator	Textiles	16190	κορορατωρ|κορορατωρα|κορορατωρας|κορορατωρες|κορορατωρι|κορορατωρος|κορορατωρσι|κορορατωρων	8
λανάριος	λαναριος	Wool worker	Textiles	76990	λαναριε|λαναριοι|λαναριοις|λαναριον|λαναριος|λαναριου|λαναριους|λαναριω|λαναριων	9
μαρμοράριος	μαρμοραριος	Marble worker, stonemason	Stonework	82120	μαρμοραριε|μαρμοραριοι|μαρμοραριοις|μαρμοραριον|μαρμοραριος|μαρμοραριου|μαρμοραριους|μαρμοραριω|μαρμοραριων	9
σειρικάριος	σειρικαριος	Silk trader	Textiles	45190	σειρικαριε|σειρικαριοι|σειρικαριοις|σειρικαριον|σειρικαριος|σειρικαριου|σειρικαριους|σειρικαριω|σειρικαριων	9
φουλών	φουλων	Fuller	Textiles	75140	φουλον|φουλονα|φουλονας|φουλονες|φουλονι|φουλονος|φουλονων|φουλοσι|φουλων	9
πλακουντάριος	πλακουνταριος	Break maker	Food Preparation and Retail	53120	πλακουνταριε|πλακουνταριοι|πλακουνταριοις|πλακουνταριον|πλακουνταριος|πλακουνταριου|πλακουνταριους|πλακουνταριω|πλακουνταριων	9
σιλιγινάριος	σιλιγιναριος	Bread maker	Food Preparation and Retail	53120	σιλιγιναριε|σιλιγιναριοι|σιλιγιναριοις|σιλιγιναριον|σιλιγιναριος|σιλιγιναριου|σιλιγιναριους|σιλιγιναριω|σιλιγιναριων	9
αὐρικαίσωρ	αυρικαισωρ	Manufacturer of sheet gold	Jewellery	88120	αυρικαισωρ|αυρικαισωρα|αυρικαισωρας|αυρικαισωρες|αυρικαισωρι|αυρικαισωρος|αυρικαισωρσι|αυρικαισωρων	8
σκαφίδες	σκαφιδες	Uncertain, cup maker	Miscellaneous	89990	σκαφιδεα|σκαφιδεας|σκαφιδεες|σκαφιδει|σκαφιδεος|σκαφιδες|σκαφιδεσι|σκαφιδεων	8
κηροματίτης	κηροματιτης	Masseur, trainer	Miscellaneous	53990	κηροματιτα|κηροματιται|κηροματιταις|κηροματιτας|κηροματιτη|κηροματιτηα|κηροματιτηη|κηροματιτην|κηροματιτηου|κηροματιτης|κηροματιτηω|κηροματιτων	12
χωνευτής	χωνευτης	Metal-caster	Metalwork	72110	χωνευτα|χωνευται|χωνευταις|χωνευτας|χωνευτη|χωνευτηα|χωνευτηη|χωνευτην|χωνευτηου|χωνευτης|χωνευτηω|χωνευτων	12
κοπιάτης	κοπιατης	Grave-digger, sexton	Miscellaneous	54990	κοπιατα|κοπιαται|κοπιαταις|κοπιατας|κοπιατη|κοπιατηα|κοπιατηη|κοπιατην|κοπιατηου|κοπιατης|κοπιατηω|κοπιατων	12
γραμματεύς	γραμματευς	Scribe	Writing and the Book Trade	30120	γραμματεα|γραμματεας|γραμματει|γραμματεις|γραμματευ|γραμματευς|γραμματευσι|γραμματεων|γραμματεως	9
ἰατρός	ιατρος	Doctor	Miscellaneous	6110	ιατρε|ιατροι|ιατροις|ιατρον|ιατρος|ιατρου|ιατρους|ιατρω|ιατρων	9
ἱεροποιός	ιεροποιος	Sacrificer	Miscellaneous	14990	ιεροποιε|ιεροποιοι|ιεροποιοις|ιεροποιον|ιεροποιος|ιεροποιου|ιεροποιους|ιεροποιω|ιεροποιων	9
ἱερεύς 	ιερευς 	Priest, sacrificer	Miscellaneous	14990	ιερευς |ιερευς α|ιερευς ας|ιερευς ες|ιερευς ι|ιερευς ος|ιερευς σι|ιερευς ων	8
λιθοκοπικός	λιθοκοπικος	Stone-cutter	Stonework	82120	λιθοκοπικε|λιθοκοπικοι|λιθοκοπικοις|λιθοκοπικον|λιθοκοπικος|λιθοκοπικου|λιθοκοπικους|λιθοκοπικω|λιθοκοπικων	9
λιθαγωγός	λιθαγωγος	Stone haulier	Transport	98310	λιθαγωγε|λιθαγωγοι|λιθαγωγοις|λιθαγωγον|λιθαγωγος|λιθαγωγου|λιθαγωγους|λιθαγωγω|λιθαγωγων	9
χρυσότα	χρυσοτα	Gilder in gold	Metalwork	72110	χρυσοα|χρυσοαι|χρυσοαις|χρυσοαν|χρυσοας|χρυσοη|χρυσοην|χρυσοης|χρυσοων	9
ἐργαστηριάρχης	εργαστηριαρχης	Metal-worker	Metalwork	72110	εργαστηριαρχα|εργαστηριαρχαι|εργαστηριαρχαις|εργαστηριαρχας|εργαστηριαρχη|εργαστηριαρχηα|εργαστηριαρχηη|εργαστηριαρχην|εργαστηριαρχηου|εργαστηριαρχης|εργαστηριαρχηω|εργαστηριαρχων	12
διφθεροποιός 	διφθεροποιος 	Parchment-maker	Leatherwork and Footwear	76990	διφθεροποιος |διφθεροποιος α|διφθεροποιος ας|διφθεροποιος ες|διφθεροποιος ι|διφθεροποιος ος|διφθεροποιος σι|διφθεροποιος ων	8
kογχυλεύτης	kογχυλευτης	Purple-fish collector	Textiles	64120	kογχυλευτα|kογχυλευται|kογχυλευταις|kογχυλευτας|kογχυλευτη|kογχυλευτηα|kογχυλευτηη|kογχυλευτην|kογχυλευτηου|kογχυλευτης|kογχυλευτηω|kογχυλευτων	12
διφθεράριος 	διφθεραριος 	Parchment-maker	Leatherwork and Footwear	76990	διφθεραριος |διφθεραριος α|διφθεραριος ας|διφθεραριος ες|διφθεραριος ι|διφθεραριος ος|διφθεραριος σι|διφθεραριος ων	8
