"","country","s_it","g_it","a_it","r_it","eci"
"1","TUR",1,1,1,1,-1.71594513786335
"2","GRC",1,1,1,1,-0.660845076051022
"3","TUN",1,1,1,1,-0.609129128495536
"4","LBY",1,1,1,1,-0.580762761307377
"5","GBR",1,1,1,1,-0.520794565623372
"6","BGR",1,1,1,1,-0.408374374202327
"7","MAR",1,1,1,1,-0.324611815360114
"8","HRV",1,1,1,1,-0.316180671752439
"9","ROU",1,1,1,1,-0.31220212547758
"10","AUT",1,1,1,1,-0.263236344278107
"11","BIH",1,1,1,1,-0.250565987714107
"12","NLD",1,1,1,1,-0.187549242264301
"13","SRB",1,1,1,1,-0.147992851520683
"14","HUN",1,1,1,1,-0.0801097309341846
"15","PRT",1,1,1,1,-0.0649508099303686
"16","BEL",1,1,1,1,-0.0432804178389298
"17","SVN",1,1,1,1,-0.0363727321116227
"18","CHE",1,1,1,1,0.00887332460725695
"19","DZA",1,1,1,1,0.341118504106864
"20","DEU",1,1,1,1,0.462798699239895
"21","ESP",1,1,1,1,0.502268925966946
"22","FRA",1,1,1,1,1.41586104471415
"23","ITA",1,1,1,1,3.79198327409031
"24","TUR",1,1,1,2,-1.70736159218718
"25","GRC",1,1,1,2,-0.661624356788181
"26","TUN",1,1,1,2,-0.595503123403273
"27","LBY",1,1,1,2,-0.578449137104093
"28","GBR",1,1,1,2,-0.515038693963166
"29","BGR",1,1,1,2,-0.410138822409371
"30","MAR",1,1,1,2,-0.326134361699868
"31","HRV",1,1,1,2,-0.320199074328504
"32","ROU",1,1,1,2,-0.31539625062562
"33","AUT",1,1,1,2,-0.264805869095193
"34","BIH",1,1,1,2,-0.250603906593443
"35","NLD",1,1,1,2,-0.188738702172659
"36","SRB",1,1,1,2,-0.14929081546948
"37","HUN",1,1,1,2,-0.0820385683422647
"38","PRT",1,1,1,2,-0.0733289254398547
"39","BEL",1,1,1,2,-0.0439639408760519
"40","SVN",1,1,1,2,-0.0381240280068296
"41","CHE",1,1,1,2,0.00793433689190796
"42","DZA",1,1,1,2,0.340756034771709
"43","DEU",1,1,1,2,0.45841366499876
"44","ESP",1,1,1,2,0.501278463793766
"45","FRA",1,1,1,2,1.41289924159394
"46","ITA",1,1,1,2,3.79945842645494
"47","TUR",1,1,1,3,-1.77350335842381
"48","TUN",1,1,1,3,-0.646806131519925
"49","GRC",1,1,1,3,-0.634119009514137
"50","LBY",1,1,1,3,-0.603167443079912
"51","GBR",1,1,1,3,-0.463358419584394
"52","BGR",1,1,1,3,-0.358516805946638
"53","HRV",1,1,1,3,-0.337060941654742
"54","MAR",1,1,1,3,-0.283463769057091
"55","AUT",1,1,1,3,-0.264231279007087
"56","BIH",1,1,1,3,-0.242601256591793
"57","ROU",1,1,1,3,-0.241358553338819
"58","NLD",1,1,1,3,-0.219073857403666
"59","SRB",1,1,1,3,-0.182557074050768
"60","PRT",1,1,1,3,-0.0787847081272933
"61","HUN",1,1,1,3,-0.0737595942955522
"62","BEL",1,1,1,3,-0.0718836960653211
"63","SVN",1,1,1,3,-0.0347744865584597
"64","CHE",1,1,1,3,0.00710411517533003
"65","DZA",1,1,1,3,0.340165933430706
"66","DEU",1,1,1,3,0.438286173168876
"67","ESP",1,1,1,3,0.538670847507204
"68","FRA",1,1,1,3,1.4075178744127
"69","ITA",1,1,1,3,3.7772754405246
"70","TUR",1,1,1,4,-1.75546531751609
"71","TUN",1,1,1,4,-0.661135499460101
"72","LBY",1,1,1,4,-0.627055058434042
"73","GRC",1,1,1,4,-0.626384584312417
"74","GBR",1,1,1,4,-0.441907768064393
"75","BGR",1,1,1,4,-0.353425641516448
"76","HRV",1,1,1,4,-0.327281427379555
"77","MAR",1,1,1,4,-0.279144737245805
"78","AUT",1,1,1,4,-0.252062988426207
"79","ROU",1,1,1,4,-0.243068004082254
"80","BIH",1,1,1,4,-0.241018936462355
"81","NLD",1,1,1,4,-0.215752212095999
"82","SRB",1,1,1,4,-0.180477111217078
"83","BEL",1,1,1,4,-0.0701901841117589
"84","HUN",1,1,1,4,-0.0692882823543359
"85","PRT",1,1,1,4,-0.0668141941502659
"86","SVN",1,1,1,4,-0.0362336782267692
"87","CHE",1,1,1,4,0.017554351296231
"88","DZA",1,1,1,4,0.222598152153636
"89","DEU",1,1,1,4,0.456260289320273
"90","ESP",1,1,1,4,0.533388032458575
"91","FRA",1,1,1,4,1.4327519839461
"92","ITA",1,1,1,4,3.78415281588106
"93","TUR",1,1,1,5,-1.75546531751609
"94","TUN",1,1,1,5,-0.661135499460103
"95","LBY",1,1,1,5,-0.627055058434044
"96","GRC",1,1,1,5,-0.626384584312418
"97","GBR",1,1,1,5,-0.441907768064394
"98","BGR",1,1,1,5,-0.353425641516447
"99","HRV",1,1,1,5,-0.327281427379553
"100","MAR",1,1,1,5,-0.279144737245804
"101","AUT",1,1,1,5,-0.252062988426207
"102","ROU",1,1,1,5,-0.243068004082254
"103","BIH",1,1,1,5,-0.241018936462355
"104","NLD",1,1,1,5,-0.215752212095998
"105","SRB",1,1,1,5,-0.180477111217078
"106","BEL",1,1,1,5,-0.0701901841117583
"107","HUN",1,1,1,5,-0.0692882823543355
"108","PRT",1,1,1,5,-0.0668141941502656
"109","SVN",1,1,1,5,-0.0362336782267684
"110","CHE",1,1,1,5,0.0175543512962323
"111","DZA",1,1,1,5,0.222598152153639
"112","DEU",1,1,1,5,0.456260289320276
"113","ESP",1,1,1,5,0.533388032458577
"114","FRA",1,1,1,5,1.4327519839461
"115","ITA",1,1,1,5,3.78415281588105
"116","TUR",1,1,2,1,-2.01343459777406
"117","TUN",1,1,2,1,-0.826649316238283
"118","LBY",1,1,2,1,-0.726189950054954
"119","GRC",1,1,2,1,-0.681400256053423
"120","GBR",1,1,2,1,-0.444899143131612
"121","BGR",1,1,2,1,-0.305153372329217
"122","BIH",1,1,2,1,-0.250479989314546
"123","MAR",1,1,2,1,-0.232774877340055
"124","AUT",1,1,2,1,-0.190947514678052
"125","NLD",1,1,2,1,-0.178271949635078
"126","SRB",1,1,2,1,-0.175750463846797
"127","ROU",1,1,2,1,-0.168117528185065
"128","HRV",1,1,2,1,-0.124964951909
"129","BEL",1,1,2,1,-0.0624578740217123
"130","HUN",1,1,2,1,-0.0213960944420385
"131","SVN",1,1,2,1,-0.00113324773629391
"132","PRT",1,1,2,1,-0.000336133711796502
"133","CHE",1,1,2,1,0.0183549469389116
"134","DZA",1,1,2,1,0.340172430754647
"135","ESP",1,1,2,1,0.509960788206584
"136","DEU",1,1,2,1,0.548630453366262
"137","FRA",1,1,2,1,1.35293060421751
"138","ITA",1,1,2,1,3.63430803691807
"139","TUR",1,1,2,2,-1.93549836652826
"140","TUN",1,1,2,2,-0.750974893108835
"141","LBY",1,1,2,2,-0.701399375439226
"142","GRC",1,1,2,2,-0.667240221259483
"143","GBR",1,1,2,2,-0.440545417476865
"144","BGR",1,1,2,2,-0.342117523618431
"145","HRV",1,1,2,2,-0.265742425864304
"146","MAR",1,1,2,2,-0.252010840002687
"147","BIH",1,1,2,2,-0.250017038227979
"148","ROU",1,1,2,2,-0.220907750862766
"149","AUT",1,1,2,2,-0.209708590307893
"150","NLD",1,1,2,2,-0.188786623113162
"151","SRB",1,1,2,2,-0.182917519190421
"152","BEL",1,1,2,2,-0.0663595603715985
"153","HUN",1,1,2,2,-0.0455058442636335
"154","SVN",1,1,2,2,-0.020327994127976
"155","PRT",1,1,2,2,-0.0112259384456414
"156","CHE",1,1,2,2,0.0206112902819565
"157","DZA",1,1,2,2,0.327784848845241
"158","DEU",1,1,2,2,0.521379229193615
"159","ESP",1,1,2,2,0.548824943260077
"160","FRA",1,1,2,2,1.51208569618982
"161","ITA",1,1,2,2,3.62059991443845
"162","TUR",1,1,2,3,-1.93390135808601
"163","TUN",1,1,2,3,-0.747969662416161
"164","LBY",1,1,2,3,-0.700929841779721
"165","GRC",1,1,2,3,-0.667363164085038
"166","GBR",1,1,2,3,-0.439382889256798
"167","BGR",1,1,2,3,-0.342511320739878
"168","HRV",1,1,2,3,-0.266603409792561
"169","MAR",1,1,2,3,-0.252334219055931
"170","BIH",1,1,2,3,-0.250041829047348
"171","ROU",1,1,2,3,-0.221629351828157
"172","AUT",1,1,2,3,-0.210061760512419
"173","NLD",1,1,2,3,-0.189019188818571
"174","SRB",1,1,2,3,-0.18318576023158
"175","BEL",1,1,2,3,-0.0664785905783232
"176","HUN",1,1,2,3,-0.0459230284941935
"177","SVN",1,1,2,3,-0.0207259466516645
"178","PRT",1,1,2,3,-0.0135090222530026
"179","CHE",1,1,2,3,0.0204400953095405
"180","DZA",1,1,2,3,0.327868552599929
"181","DEU",1,1,2,3,0.520531346356061
"182","ESP",1,1,2,3,0.548682709529673
"183","FRA",1,1,2,3,1.51169601261602
"184","ITA",1,1,2,3,3.62235162721613
"185","TUR",1,1,2,4,-1.93390135808601
"186","TUN",1,1,2,4,-0.747969662416159
"187","LBY",1,1,2,4,-0.700929841779723
"188","GRC",1,1,2,4,-0.667363164085039
"189","GBR",1,1,2,4,-0.439382889256798
"190","BGR",1,1,2,4,-0.342511320739879
"191","HRV",1,1,2,4,-0.266603409792561
"192","MAR",1,1,2,4,-0.252334219055931
"193","BIH",1,1,2,4,-0.250041829047348
"194","ROU",1,1,2,4,-0.221629351828158
"195","AUT",1,1,2,4,-0.21006176051242
"196","NLD",1,1,2,4,-0.18901918881857
"197","SRB",1,1,2,4,-0.18318576023158
"198","BEL",1,1,2,4,-0.066478590578323
"199","HUN",1,1,2,4,-0.0459230284941939
"200","SVN",1,1,2,4,-0.0207259466516645
"201","PRT",1,1,2,4,-0.013509022253003
"202","CHE",1,1,2,4,0.0204400953095411
"203","DZA",1,1,2,4,0.32786855259993
"204","DEU",1,1,2,4,0.520531346356062
"205","ESP",1,1,2,4,0.548682709529673
"206","FRA",1,1,2,4,1.51169601261603
"207","ITA",1,1,2,4,3.62235162721613
"208","TUR",1,1,2,5,-1.9103185567416
"209","TUN",1,1,2,5,-0.764354422351587
"210","LBY",1,1,2,5,-0.728224051329725
"211","GRC",1,1,2,5,-0.657989074143603
"212","GBR",1,1,2,5,-0.414590019993199
"213","BGR",1,1,2,5,-0.336837324818345
"214","HRV",1,1,2,5,-0.256103651475004
"215","BIH",1,1,2,5,-0.248129480310517
"216","MAR",1,1,2,5,-0.247612630894957
"217","ROU",1,1,2,5,-0.224114498500754
"218","AUT",1,1,2,5,-0.196378210721493
"219","NLD",1,1,2,5,-0.185338867724882
"220","SRB",1,1,2,5,-0.180740204859294
"221","BEL",1,1,2,5,-0.0645321439408025
"222","HUN",1,1,2,5,-0.0410903261775679
"223","SVN",1,1,2,5,-0.0226660976350246
"224","PRT",1,1,2,5,-0.000344463445701026
"225","CHE",1,1,2,5,0.0326072715066434
"226","DZA",1,1,2,5,0.19632591767907
"227","DEU",1,1,2,5,0.540536408268061
"228","ESP",1,1,2,5,0.541083466849314
"229","FRA",1,1,2,5,1.5393374146195
"230","ITA",1,1,2,5,3.62947354614146
"231","TUR",1,1,3,1,-2.23071149653447
"232","TUN",1,1,3,1,-1.00450758422514
"233","LBY",1,1,3,1,-0.80275485807448
"234","GRC",1,1,3,1,-0.724306054986593
"235","GBR",1,1,3,1,-0.424112338260275
"236","BIH",1,1,3,1,-0.275096804879468
"237","MAR",1,1,3,1,-0.20158446937573
"238","NLD",1,1,3,1,-0.161020983027162
"239","SRB",1,1,3,1,-0.151054766384845
"240","AUT",1,1,3,1,-0.145313477330623
"241","BGR",1,1,3,1,-0.0949066270792017
"242","ROU",1,1,3,1,-0.0644020529768887
"243","BEL",1,1,3,1,-0.0547175787716858
"244","HRV",1,1,3,1,-0.017434311341359
"245","PRT",1,1,3,1,0.00881787336403228
"246","CHE",1,1,3,1,0.0260216006363635
"247","SVN",1,1,3,1,0.0324418632336905
"248","HUN",1,1,3,1,0.0326849069537262
"249","DZA",1,1,3,1,0.336052898206499
"250","ESP",1,1,3,1,0.489303146401694
"251","DEU",1,1,3,1,0.62227588631279
"252","FRA",1,1,3,1,1.358099969181
"253","ITA",1,1,3,1,3.44622525895813
"254","TUR",1,1,3,2,-1.90081295680889
"255","TUN",1,1,3,2,-0.727661896759506
"256","LBY",1,1,3,2,-0.678809514108195
"257","GRC",1,1,3,2,-0.653311346499786
"258","GBR",1,1,3,2,-0.44911837460323
"259","BGR",1,1,3,2,-0.337613440955095
"260","HRV",1,1,3,2,-0.267704682695114
"261","MAR",1,1,3,2,-0.24733470126329
"262","BIH",1,1,3,2,-0.246549745830001
"263","AUT",1,1,3,2,-0.219581537642978
"264","ROU",1,1,3,2,-0.211232784346749
"265","NLD",1,1,3,2,-0.18821811250641
"266","SRB",1,1,3,2,-0.181169488723243
"267","BEL",1,1,3,2,-0.0673320800332772
"268","HUN",1,1,3,2,-0.0498709281868715
"269","SVN",1,1,3,2,-0.0201686667905056
"270","PRT",1,1,3,2,-0.00870985357714971
"271","CHE",1,1,3,2,0.0144976685701456
"272","DZA",1,1,3,2,0.343612680041642
"273","DEU",1,1,3,2,0.497292036322773
"274","ESP",1,1,3,2,0.544543340344319
"275","FRA",1,1,3,2,1.33347252337572
"276","ITA",1,1,3,2,3.7217818626757
"277","TUR",1,1,3,3,-1.89155864708457
"278","TUN",1,1,3,3,-0.742349148954688
"279","LBY",1,1,3,3,-0.683402638856039
"280","GRC",1,1,3,3,-0.666705806051968
"281","GBR",1,1,3,3,-0.443516671548961
"282","BGR",1,1,3,3,-0.347889317100284
"283","HRV",1,1,3,3,-0.276555234768207
"284","MAR",1,1,3,3,-0.252902064760914
"285","BIH",1,1,3,3,-0.251213311371861
"286","ROU",1,1,3,3,-0.229279550342535
"287","AUT",1,1,3,3,-0.214268152700278
"288","NLD",1,1,3,3,-0.188541029001573
"289","SRB",1,1,3,3,-0.1837412560496
"290","BEL",1,1,3,3,-0.0667660797922093
"291","HUN",1,1,3,3,-0.052781056360187
"292","SVN",1,1,3,3,-0.023549502459013
"293","PRT",1,1,3,3,-0.0178903292874673
"294","CHE",1,1,3,3,0.0160469591083304
"295","DZA",1,1,3,3,0.32803666492136
"296","DEU",1,1,3,3,0.512489584308972
"297","ESP",1,1,3,3,0.526920766016715
"298","FRA",1,1,3,3,1.48939725580442
"299","ITA",1,1,3,3,3.66001856633056
"300","TUR",1,1,3,4,-1.88952482731532
"301","TUN",1,1,3,4,-0.738307833017082
"302","LBY",1,1,3,4,-0.682847041996786
"303","GRC",1,1,3,4,-0.666920386023043
"304","GBR",1,1,3,4,-0.441853452639892
"305","BGR",1,1,3,4,-0.348434112550432
"306","HRV",1,1,3,4,-0.277733597247329
"307","MAR",1,1,3,4,-0.253344467728926
"308","BIH",1,1,3,4,-0.251252869708555
"309","ROU",1,1,3,4,-0.230273816875477
"310","AUT",1,1,3,4,-0.214750892848555
"311","NLD",1,1,3,4,-0.188854480238621
"312","SRB",1,1,3,4,-0.184109866425433
"313","BEL",1,1,3,4,-0.0669267510560131
"314","HUN",1,1,3,4,-0.0533498500164645
"315","SVN",1,1,3,4,-0.0240812315648837
"316","PRT",1,1,3,4,-0.0205294108723034
"317","CHE",1,1,3,4,0.0158136272473017
"318","DZA",1,1,3,4,0.328097742529465
"319","DEU",1,1,3,4,0.511399448901222
"320","ESP",1,1,3,4,0.526675738656782
"321","FRA",1,1,3,4,1.48889879988554
"322","ITA",1,1,3,4,3.6622095309048
"323","TUR",1,1,3,5,-1.93390135808601
"324","TUN",1,1,3,5,-0.747969662416161
"325","LBY",1,1,3,5,-0.700929841779721
"326","GRC",1,1,3,5,-0.66736316408504
"327","GBR",1,1,3,5,-0.439382889256797
"328","BGR",1,1,3,5,-0.342511320739878
"329","HRV",1,1,3,5,-0.266603409792561
"330","MAR",1,1,3,5,-0.252334219055931
"331","BIH",1,1,3,5,-0.250041829047347
"332","ROU",1,1,3,5,-0.221629351828158
"333","AUT",1,1,3,5,-0.210061760512419
"334","NLD",1,1,3,5,-0.18901918881857
"335","SRB",1,1,3,5,-0.18318576023158
"336","BEL",1,1,3,5,-0.066478590578323
"337","HUN",1,1,3,5,-0.0459230284941937
"338","SVN",1,1,3,5,-0.0207259466516642
"339","PRT",1,1,3,5,-0.0135090222530027
"340","CHE",1,1,3,5,0.020440095309541
"341","DZA",1,1,3,5,0.327868552599929
"342","DEU",1,1,3,5,0.520531346356062
"343","ESP",1,1,3,5,0.548682709529673
"344","FRA",1,1,3,5,1.51169601261602
"345","ITA",1,1,3,5,3.62235162721613
"346","TUR",1,1,4,1,-2.2273245048417
"347","TUN",1,1,4,1,-1.04179973129804
"348","LBY",1,1,4,1,-0.811170383030784
"349","GRC",1,1,4,1,-0.746121223442399
"350","GBR",1,1,4,1,-0.309677227457575
"351","BIH",1,1,4,1,-0.272002434595689
"352","MAR",1,1,4,1,-0.198888708896687
"353","NLD",1,1,4,1,-0.160291347504992
"354","SRB",1,1,4,1,-0.147607739925614
"355","AUT",1,1,4,1,-0.138689867611503
"356","BGR",1,1,4,1,-0.0901686506283081
"357","ROU",1,1,4,1,-0.0671781441267984
"358","BEL",1,1,4,1,-0.0548751425244611
"359","HRV",1,1,4,1,-0.0209983865052482
"360","PRT",1,1,4,1,0.0113355511153885
"361","CHE",1,1,4,1,0.0186987251245793
"362","SVN",1,1,4,1,0.0296805981160192
"363","HUN",1,1,4,1,0.0327779944060952
"364","DZA",1,1,4,1,0.295674592291646
"365","ESP",1,1,4,1,0.476113447556279
"366","DEU",1,1,4,1,0.620060475362686
"367","FRA",1,1,4,1,1.3490992182836
"368","ITA",1,1,4,1,3.4533528901335
"369","TUR",1,1,4,2,-2.23071149653448
"370","TUN",1,1,4,2,-1.00450758422514
"371","LBY",1,1,4,2,-0.802754858074481
"372","GRC",1,1,4,2,-0.724306054986592
"373","GBR",1,1,4,2,-0.424112338260273
"374","BIH",1,1,4,2,-0.275096804879468
"375","MAR",1,1,4,2,-0.201584469375729
"376","NLD",1,1,4,2,-0.161020983027161
"377","SRB",1,1,4,2,-0.151054766384844
"378","AUT",1,1,4,2,-0.145313477330622
"379","BGR",1,1,4,2,-0.0949066270791999
"380","ROU",1,1,4,2,-0.0644020529768867
"381","BEL",1,1,4,2,-0.054717578771686
"382","HRV",1,1,4,2,-0.0174343113413562
"383","PRT",1,1,4,2,0.0088178733640312
"384","CHE",1,1,4,2,0.0260216006363639
"385","SVN",1,1,4,2,0.0324418632336905
"386","HUN",1,1,4,2,0.0326849069537277
"387","DZA",1,1,4,2,0.336052898206499
"388","ESP",1,1,4,2,0.489303146401693
"389","DEU",1,1,4,2,0.622275886312792
"390","FRA",1,1,4,2,1.358099969181
"391","ITA",1,1,4,2,3.44622525895812
"392","TUR",1,1,4,3,-1.9008129568089
"393","TUN",1,1,4,3,-0.727661896759511
"394","LBY",1,1,4,3,-0.678809514108197
"395","GRC",1,1,4,3,-0.653311346499786
"396","GBR",1,1,4,3,-0.44911837460323
"397","BGR",1,1,4,3,-0.337613440955093
"398","HRV",1,1,4,3,-0.267704682695112
"399","MAR",1,1,4,3,-0.24733470126329
"400","BIH",1,1,4,3,-0.246549745830001
"401","AUT",1,1,4,3,-0.219581537642977
"402","ROU",1,1,4,3,-0.211232784346748
"403","NLD",1,1,4,3,-0.188218112506409
"404","SRB",1,1,4,3,-0.181169488723243
"405","BEL",1,1,4,3,-0.0673320800332766
"406","HUN",1,1,4,3,-0.0498709281868694
"407","SVN",1,1,4,3,-0.020168666790504
"408","PRT",1,1,4,3,-0.00870985357714941
"409","CHE",1,1,4,3,0.014497668570147
"410","DZA",1,1,4,3,0.343612680041643
"411","DEU",1,1,4,3,0.497292036322776
"412","ESP",1,1,4,3,0.544543340344318
"413","FRA",1,1,4,3,1.33347252337572
"414","ITA",1,1,4,3,3.7217818626757
"415","TUR",1,1,4,4,-1.9008129568089
"416","TUN",1,1,4,4,-0.72766189675951
"417","LBY",1,1,4,4,-0.678809514108197
"418","GRC",1,1,4,4,-0.653311346499786
"419","GBR",1,1,4,4,-0.44911837460323
"420","BGR",1,1,4,4,-0.337613440955093
"421","HRV",1,1,4,4,-0.267704682695112
"422","MAR",1,1,4,4,-0.24733470126329
"423","BIH",1,1,4,4,-0.246549745830001
"424","AUT",1,1,4,4,-0.219581537642977
"425","ROU",1,1,4,4,-0.211232784346747
"426","NLD",1,1,4,4,-0.188218112506409
"427","SRB",1,1,4,4,-0.181169488723243
"428","BEL",1,1,4,4,-0.0673320800332765
"429","HUN",1,1,4,4,-0.0498709281868695
"430","SVN",1,1,4,4,-0.0201686667905039
"431","PRT",1,1,4,4,-0.00870985357715004
"432","CHE",1,1,4,4,0.014497668570147
"433","DZA",1,1,4,4,0.343612680041643
"434","DEU",1,1,4,4,0.497292036322775
"435","ESP",1,1,4,4,0.544543340344318
"436","FRA",1,1,4,4,1.33347252337572
"437","ITA",1,1,4,4,3.7217818626757
"438","TUR",1,1,4,5,-1.88994419942635
"439","LBY",1,1,4,5,-0.722984111302859
"440","TUN",1,1,4,5,-0.68258690682377
"441","GRC",1,1,4,5,-0.627546592709124
"442","GBR",1,1,4,5,-0.45423183130813
"443","BGR",1,1,4,5,-0.363409209426365
"444","MAR",1,1,4,5,-0.267439415596005
"445","ROU",1,1,4,5,-0.264686547776466
"446","HRV",1,1,4,5,-0.257097012965657
"447","BIH",1,1,4,5,-0.250050648180588
"448","AUT",1,1,4,5,-0.222153565898353
"449","SRB",1,1,4,5,-0.199687568305901
"450","NLD",1,1,4,5,-0.196510001196694
"451","BEL",1,1,4,5,-0.070250108496094
"452","SVN",1,1,4,5,-0.0696911775725719
"453","HUN",1,1,4,5,-0.0658433350947141
"454","PRT",1,1,4,5,-0.0313755872358925
"455","CHE",1,1,4,5,0.0196221956881992
"456","DZA",1,1,4,5,0.322240922186957
"457","DEU",1,1,4,5,0.501364975549502
"458","ESP",1,1,4,5,0.626609551440717
"459","FRA",1,1,4,5,1.5330849360569
"460","ITA",1,1,4,5,3.63256523839326
"461","TUR",1,1,5,1,-2.17567878931427
"462","TUN",1,1,5,1,-1.02638201458544
"463","LBY",1,1,5,1,-0.781152478239408
"464","GRC",1,1,5,1,-0.737413916316387
"465","GBR",1,1,5,1,-0.308080365331442
"466","BIH",1,1,5,1,-0.268497633180609
"467","MAR",1,1,5,1,-0.207069701573416
"468","AUT",1,1,5,1,-0.177469530601418
"469","NLD",1,1,5,1,-0.162855475294828
"470","SRB",1,1,5,1,-0.148887607520721
"471","BGR",1,1,5,1,-0.109128681482023
"472","ROU",1,1,5,1,-0.0859987521072006
"473","HRV",1,1,5,1,-0.0718802333229948
"474","BEL",1,1,5,1,-0.0556692823538077
"475","HUN",1,1,5,1,-0.00603450798790981
"476","PRT",1,1,5,1,0.0116461207999603
"477","SVN",1,1,5,1,0.0230035101707643
"478","CHE",1,1,5,1,0.0230626946324895
"479","DZA",1,1,5,1,0.310128718016854
"480","ESP",1,1,5,1,0.487302447936732
"481","DEU",1,1,5,1,0.615243357953272
"482","FRA",1,1,5,1,1.36338453575517
"483","ITA",1,1,5,1,3.48842758394663
"484","TUR",1,1,5,2,-2.2273245048417
"485","TUN",1,1,5,2,-1.04179973129804
"486","LBY",1,1,5,2,-0.811170383030783
"487","GRC",1,1,5,2,-0.746121223442399
"488","GBR",1,1,5,2,-0.309677227457577
"489","BIH",1,1,5,2,-0.272002434595689
"490","MAR",1,1,5,2,-0.198888708896687
"491","NLD",1,1,5,2,-0.160291347504992
"492","SRB",1,1,5,2,-0.147607739925614
"493","AUT",1,1,5,2,-0.138689867611502
"494","BGR",1,1,5,2,-0.0901686506283075
"495","ROU",1,1,5,2,-0.0671781441267971
"496","BEL",1,1,5,2,-0.0548751425244611
"497","HRV",1,1,5,2,-0.020998386505248
"498","PRT",1,1,5,2,0.0113355511153886
"499","CHE",1,1,5,2,0.0186987251245787
"500","SVN",1,1,5,2,0.0296805981160195
"501","HUN",1,1,5,2,0.0327779944060954
"502","DZA",1,1,5,2,0.295674592291646
"503","ESP",1,1,5,2,0.476113447556278
"504","DEU",1,1,5,2,0.620060475362685
"505","FRA",1,1,5,2,1.3490992182836
"506","ITA",1,1,5,2,3.4533528901335
"507","TUR",1,1,5,3,-2.03932719785192
"508","TUN",1,1,5,3,-0.87347771179922
"509","LBY",1,1,5,3,-0.747788663294406
"510","GRC",1,1,5,3,-0.688200957475691
"511","GBR",1,1,5,3,-0.332336846640977
"512","BIH",1,1,5,3,-0.261914262254937
"513","MAR",1,1,5,3,-0.222375400953718
"514","HRV",1,1,5,3,-0.212006502729549
"515","AUT",1,1,5,3,-0.18485341439559
"516","NLD",1,1,5,3,-0.177887291908691
"517","SRB",1,1,5,3,-0.161571804270327
"518","BGR",1,1,5,3,-0.157650055869179
"519","ROU",1,1,5,3,-0.153257114217982
"520","BEL",1,1,5,3,-0.0637880809699326
"521","SVN",1,1,5,3,-0.0318760815485666
"522","HUN",1,1,5,3,-0.0150897025976426
"523","PRT",1,1,5,3,-0.00668245046712642
"524","CHE",1,1,5,3,0.0114148730318814
"525","DZA",1,1,5,3,0.292668308205315
"526","DEU",1,1,5,3,0.531251613279089
"527","ESP",1,1,5,3,0.534929533241413
"528","FRA",1,1,5,3,1.32400229985198
"529","ITA",1,1,5,3,3.63581691163578
"530","TUR",1,1,5,4,-2.22335282214085
"531","TUN",1,1,5,4,-0.917639727170324
"532","LBY",1,1,5,4,-0.852750652501495
"533","GRC",1,1,5,4,-0.659157413842211
"534","GBR",1,1,5,4,-0.329038935053725
"535","BIH",1,1,5,4,-0.26221646397473
"536","MAR",1,1,5,4,-0.219995185788987
"537","NLD",1,1,5,4,-0.179055179777713
"538","AUT",1,1,5,4,-0.169109722941441
"539","SRB",1,1,5,4,-0.168966239074529
"540","HRV",1,1,5,4,-0.130308816842671
"541","BGR",1,1,5,4,-0.127938598494257
"542","ROU",1,1,5,4,-0.125249146269512
"543","BEL",1,1,5,4,-0.0620790270871207
"544","SVN",1,1,5,4,-0.0161652141311947
"545","PRT",1,1,5,4,-0.00600072948777682
"546","HUN",1,1,5,4,0.0120914600471906
"547","CHE",1,1,5,4,0.031159384998855
"548","DZA",1,1,5,4,0.311757844268389
"549","DEU",1,1,5,4,0.597868372372161
"550","ESP",1,1,5,4,0.638606111186489
"551","FRA",1,1,5,4,1.42285669619749
"552","ITA",1,1,5,4,3.43468400550797
"553","TUR",1,1,5,5,-1.90499181009379
"554","LBY",1,1,5,5,-0.720995605318366
"555","TUN",1,1,5,5,-0.668807237327924
"556","GRC",1,1,5,5,-0.612506230780791
"557","GBR",1,1,5,5,-0.460846208800499
"558","BGR",1,1,5,5,-0.352218712649221
"559","MAR",1,1,5,5,-0.26131883435126
"560","HRV",1,1,5,5,-0.246375543948055
"561","ROU",1,1,5,5,-0.245034826973913
"562","BIH",1,1,5,5,-0.245007029664112
"563","AUT",1,1,5,5,-0.227859193100835
"564","SRB",1,1,5,5,-0.197486127272268
"565","NLD",1,1,5,5,-0.196284821815161
"566","BEL",1,1,5,5,-0.0708314766231933
"567","SVN",1,1,5,5,-0.0640794008299373
"568","HUN",1,1,5,5,-0.0621313684194783
"569","PRT",1,1,5,5,-0.0219378805423717
"570","CHE",1,1,5,5,0.0184027542270694
"571","DZA",1,1,5,5,0.338728478752739
"572","DEU",1,1,5,5,0.486145026417694
"573","ESP",1,1,5,5,0.647586968631498
"574","FRA",1,1,5,5,1.37462162207978
"575","ITA",1,1,5,5,3.6932274584024
"576","TUR",1,2,1,1,-2.23400947683522
"577","TUN",1,2,1,1,-0.891055793214003
"578","LBY",1,2,1,1,-0.811114838523311
"579","GRC",1,2,1,1,-0.579215913894187
"580","GBR",1,2,1,1,-0.458307781363507
"581","BGR",1,2,1,1,-0.274905675528137
"582","BIH",1,2,1,1,-0.239935346255446
"583","MAR",1,2,1,1,-0.207564872181465
"584","AUT",1,2,1,1,-0.193549535595356
"585","HRV",1,2,1,1,-0.151459912938366
"586","NLD",1,2,1,1,-0.134681484354757
"587","ROU",1,2,1,1,-0.130716252406015
"588","SRB",1,2,1,1,-0.124232433246649
"589","BEL",1,2,1,1,-0.0197132870675383
"590","HUN",1,2,1,1,0.00910122966606381
"591","PRT",1,2,1,1,0.00950225323826024
"592","SVN",1,2,1,1,0.0127518135561065
"593","CHE",1,2,1,1,0.049542624982707
"594","DZA",1,2,1,1,0.348893968711306
"595","ESP",1,2,1,1,0.51637484897558
"596","DEU",1,2,1,1,0.632097706566269
"597","FRA",1,2,1,1,1.42016681023163
"598","ITA",1,2,1,1,3.45203134747604
"599","TUR",1,2,1,2,-2.19802637824729
"600","TUN",1,2,1,2,-0.890730861303538
"601","LBY",1,2,1,2,-0.804605567621454
"602","GRC",1,2,1,2,-0.59368983121564
"603","GBR",1,2,1,2,-0.453728106218063
"604","BGR",1,2,1,2,-0.289496952539139
"605","BIH",1,2,1,2,-0.244817328615674
"606","MAR",1,2,1,2,-0.215107932920591
"607","AUT",1,2,1,2,-0.192276250224035
"608","HRV",1,2,1,2,-0.168247819228249
"609","ROU",1,2,1,2,-0.154400559236303
"610","NLD",1,2,1,2,-0.136983157211551
"611","SRB",1,2,1,2,-0.129015611556887
"612","BEL",1,2,1,2,-0.0209093028356897
"613","PRT",1,2,1,2,-0.000308958174273288
"614","HUN",1,2,1,2,0.000949515087455532
"615","SVN",1,2,1,2,0.00674356687994897
"616","CHE",1,2,1,2,0.0476437634378924
"617","DZA",1,2,1,2,0.331274044778967
"618","ESP",1,2,1,2,0.498546713516881
"619","DEU",1,2,1,2,0.633565951684989
"620","FRA",1,2,1,2,1.5583424879318
"621","ITA",1,2,1,2,3.41527857383044
"622","TUR",1,2,1,3,-2.28222686354164
"623","TUN",1,2,1,3,-0.926790809767219
"624","LBY",1,2,1,3,-0.836281784300407
"625","GRC",1,2,1,3,-0.595383399502595
"626","GBR",1,2,1,3,-0.448817061736582
"627","BGR",1,2,1,3,-0.27570410599
"628","BIH",1,2,1,3,-0.244544866118947
"629","MAR",1,2,1,3,-0.210719406996666
"630","AUT",1,2,1,3,-0.151057266785494
"631","HRV",1,2,1,3,-0.143967055334535
"632","ROU",1,2,1,3,-0.138732859255496
"633","NLD",1,2,1,3,-0.133488873159979
"634","SRB",1,2,1,3,-0.124563844730036
"635","BEL",1,2,1,3,-0.0174280682114196
"636","PRT",1,2,1,3,0.00723206620690804
"637","SVN",1,2,1,3,0.013903931807096
"638","HUN",1,2,1,3,0.0172222556993559
"639","CHE",1,2,1,3,0.0554041260195864
"640","DZA",1,2,1,3,0.335789688036575
"641","ESP",1,2,1,3,0.511766930937203
"642","DEU",1,2,1,3,0.669206763847351
"643","FRA",1,2,1,3,1.6007283549496
"644","ITA",1,2,1,3,3.31845214792735
"645","TUR",1,2,1,4,-2.28222686354164
"646","TUN",1,2,1,4,-0.926790809767217
"647","LBY",1,2,1,4,-0.836281784300403
"648","GRC",1,2,1,4,-0.595383399502594
"649","GBR",1,2,1,4,-0.448817061736583
"650","BGR",1,2,1,4,-0.27570410599
"651","BIH",1,2,1,4,-0.244544866118946
"652","MAR",1,2,1,4,-0.210719406996665
"653","AUT",1,2,1,4,-0.151057266785495
"654","HRV",1,2,1,4,-0.143967055334537
"655","ROU",1,2,1,4,-0.138732859255497
"656","NLD",1,2,1,4,-0.133488873159979
"657","SRB",1,2,1,4,-0.124563844730037
"658","BEL",1,2,1,4,-0.0174280682114194
"659","PRT",1,2,1,4,0.0072320662069082
"660","SVN",1,2,1,4,0.0139039318070958
"661","HUN",1,2,1,4,0.0172222556993555
"662","CHE",1,2,1,4,0.0554041260195859
"663","DZA",1,2,1,4,0.335789688036575
"664","ESP",1,2,1,4,0.511766930937204
"665","DEU",1,2,1,4,0.669206763847349
"666","FRA",1,2,1,4,1.60072835494959
"667","ITA",1,2,1,4,3.31845214792735
"668","TUR",1,2,1,5,-2.36267590368741
"669","TUN",1,2,1,5,-0.957410095036716
"670","LBY",1,2,1,5,-0.945631162385268
"671","GRC",1,2,1,5,-0.539023240225238
"672","GBR",1,2,1,5,-0.433173907364285
"673","BGR",1,2,1,5,-0.258746126323132
"674","BIH",1,2,1,5,-0.238774153364664
"675","MAR",1,2,1,5,-0.20494008015867
"676","ROU",1,2,1,5,-0.131630488810355
"677","SRB",1,2,1,5,-0.129036526392623
"678","NLD",1,2,1,5,-0.127777293507241
"679","AUT",1,2,1,5,-0.126639787877332
"680","HRV",1,2,1,5,-0.0692000829428804
"681","BEL",1,2,1,5,-0.0117670367092669
"682","SVN",1,2,1,5,0.0168562127819785
"683","PRT",1,2,1,5,0.0214281624878728
"684","HUN",1,2,1,5,0.0355250687108073
"685","CHE",1,2,1,5,0.0831612215626184
"686","DZA",1,2,1,5,0.191713945106355
"687","ESP",1,2,1,5,0.590091149935639
"688","DEU",1,2,1,5,0.725431117230785
"689","FRA",1,2,1,5,1.69378196070678
"690","ITA",1,2,1,5,3.17843704626225
"691","TUR",1,2,2,1,-2.59695648485424
"692","TUN",1,2,2,1,-1.18766222032489
"693","LBY",1,2,2,1,-0.928408345300369
"694","GRC",1,2,2,1,-0.673596113793252
"695","GBR",1,2,2,1,-0.415873478557949
"696","BIH",1,2,2,1,-0.273965699198024
"697","MAR",1,2,2,1,-0.162145819709017
"698","AUT",1,2,2,1,-0.0974104722594449
"699","NLD",1,2,2,1,-0.0924229434921379
"700","SRB",1,2,2,1,-0.0729956888496137
"701","BGR",1,2,2,1,0.00185884481273512
"702","BEL",1,2,2,1,0.00345216718132564
"703","PRT",1,2,2,1,0.0208856577673552
"704","ROU",1,2,2,1,0.0407170008717393
"705","CHE",1,2,2,1,0.0653753785923465
"706","SVN",1,2,2,1,0.0759390206504976
"707","HUN",1,2,2,1,0.121752689677379
"708","HRV",1,2,2,1,0.136866389046067
"709","DZA",1,2,2,1,0.348706505386271
"710","ESP",1,2,2,1,0.427356897052772
"711","DEU",1,2,2,1,0.786979075045776
"712","FRA",1,2,2,1,1.44038030853688
"713","ITA",1,2,2,1,3.03116733171779
"714","TUR",1,2,2,2,-2.23400947683521
"715","TUN",1,2,2,2,-0.891055793214
"716","LBY",1,2,2,2,-0.811114838523307
"717","GRC",1,2,2,2,-0.579215913894187
"718","GBR",1,2,2,2,-0.458307781363507
"719","BGR",1,2,2,2,-0.274905675528138
"720","BIH",1,2,2,2,-0.239935346255447
"721","MAR",1,2,2,2,-0.207564872181466
"722","AUT",1,2,2,2,-0.193549535595357
"723","HRV",1,2,2,2,-0.151459912938368
"724","NLD",1,2,2,2,-0.134681484354758
"725","ROU",1,2,2,2,-0.130716252406016
"726","SRB",1,2,2,2,-0.124232433246649
"727","BEL",1,2,2,2,-0.0197132870675392
"728","HUN",1,2,2,2,0.00910122966606204
"729","PRT",1,2,2,2,0.00950225323826003
"730","SVN",1,2,2,2,0.0127518135561054
"731","CHE",1,2,2,2,0.0495426249827051
"732","DZA",1,2,2,2,0.348893968711305
"733","ESP",1,2,2,2,0.51637484897558
"734","DEU",1,2,2,2,0.632097706566264
"735","FRA",1,2,2,2,1.42016681023162
"736","ITA",1,2,2,2,3.45203134747605
"737","TUR",1,2,2,3,-2.1980263782473
"738","TUN",1,2,2,3,-0.89073086130354
"739","LBY",1,2,2,3,-0.804605567621456
"740","GRC",1,2,2,3,-0.593689831215639
"741","GBR",1,2,2,3,-0.453728106218063
"742","BGR",1,2,2,3,-0.289496952539138
"743","BIH",1,2,2,3,-0.244817328615674
"744","MAR",1,2,2,3,-0.215107932920591
"745","AUT",1,2,2,3,-0.192276250224035
"746","HRV",1,2,2,3,-0.168247819228247
"747","ROU",1,2,2,3,-0.1544005592363
"748","NLD",1,2,2,3,-0.13698315721155
"749","SRB",1,2,2,3,-0.129015611556886
"750","BEL",1,2,2,3,-0.0209093028356892
"751","PRT",1,2,2,3,-0.00030895817427304
"752","HUN",1,2,2,3,0.000949515087456559
"753","SVN",1,2,2,3,0.0067435668799498
"754","CHE",1,2,2,3,0.0476437634378933
"755","DZA",1,2,2,3,0.331274044778967
"756","ESP",1,2,2,3,0.49854671351688
"757","DEU",1,2,2,3,0.633565951684991
"758","FRA",1,2,2,3,1.5583424879318
"759","ITA",1,2,2,3,3.41527857383044
"760","TUR",1,2,2,4,-2.29245094087806
"761","TUN",1,2,2,4,-0.893507733982673
"762","LBY",1,2,2,4,-0.876561273394235
"763","GRC",1,2,2,4,-0.54898143000715
"764","GBR",1,2,2,4,-0.467514100518318
"765","BGR",1,2,2,4,-0.281718208742788
"766","BIH",1,2,2,4,-0.242021305382307
"767","MAR",1,2,2,4,-0.216512578364742
"768","AUT",1,2,2,4,-0.190810416112572
"769","ROU",1,2,2,4,-0.148665130209742
"770","SRB",1,2,2,4,-0.137445831630056
"771","NLD",1,2,2,4,-0.136776062786028
"772","HRV",1,2,2,4,-0.111627274428389
"773","BEL",1,2,2,4,-0.018203091173031
"774","PRT",1,2,2,4,-0.0022455943013738
"775","HUN",1,2,2,4,0.00962581119022366
"776","SVN",1,2,2,4,0.0101112945168188
"777","CHE",1,2,2,4,0.0589269161309564
"778","DZA",1,2,2,4,0.33182912575838
"779","ESP",1,2,2,4,0.587342626300883
"780","DEU",1,2,2,4,0.657635573656251
"781","FRA",1,2,2,4,1.61184085924303
"782","ITA",1,2,2,4,3.29772876511492
"783","TUR",1,2,2,5,-1.94694270871472
"784","LBY",1,2,2,5,-0.739322950914623
"785","TUN",1,2,2,5,-0.722894189782813
"786","GRC",1,2,2,5,-0.638019263122356
"787","GBR",1,2,2,5,-0.455704112679432
"788","BGR",1,2,2,5,-0.351144144071327
"789","MAR",1,2,2,5,-0.262711256843895
"790","BIH",1,2,2,5,-0.25293095807713
"791","ROU",1,2,2,5,-0.243351226811876
"792","HRV",1,2,2,5,-0.23811458547654
"793","SRB",1,2,2,5,-0.20017113711081
"794","NLD",1,2,2,5,-0.195046394938532
"795","AUT",1,2,2,5,-0.18857118670934
"796","BEL",1,2,2,5,-0.0688605312619006
"797","HUN",1,2,2,5,-0.0538392969287314
"798","PRT",1,2,2,5,-0.029221420535646
"799","SVN",1,2,2,5,-0.0269385531316809
"800","CHE",1,2,2,5,0.0200448179694311
"801","DZA",1,2,2,5,0.322341109869312
"802","DEU",1,2,2,5,0.523643575998199
"803","ESP",1,2,2,5,0.616330307257425
"804","FRA",1,2,2,5,1.53948732682263
"805","ITA",1,2,2,5,3.59193677919436
"806","TUR",1,2,3,1,-2.57641595525097
"807","TUN",1,2,3,1,-1.20964498659941
"808","LBY",1,2,3,1,-0.938318233053639
"809","GRC",1,2,3,1,-0.662370460089075
"810","GBR",1,2,3,1,-0.410185200204914
"811","BIH",1,2,3,1,-0.270932443400673
"812","MAR",1,2,3,1,-0.157706954593661
"813","AUT",1,2,3,1,-0.115575022440758
"814","NLD",1,2,3,1,-0.0890816428588417
"815","PRT",1,2,3,1,0.000901872366074018
"816","BEL",1,2,3,1,0.0064951818797288
"817","BGR",1,2,3,1,0.00769276554989628
"818","SRB",1,2,3,1,0.0193379552378759
"819","ROU",1,2,3,1,0.0437239112836167
"820","CHE",1,2,3,1,0.0589035087358082
"821","SVN",1,2,3,1,0.0727013265512377
"822","HUN",1,2,3,1,0.112505465076171
"823","HRV",1,2,3,1,0.12520206317037
"824","DZA",1,2,3,1,0.334233774002497
"825","ESP",1,2,3,1,0.40901170201751
"826","DEU",1,2,3,1,0.768655011472583
"827","FRA",1,2,3,1,1.40230329272791
"828","ITA",1,2,3,1,3.06856306842066
"829","TUR",1,2,3,2,-2.44590741966669
"830","TUN",1,2,3,2,-1.04889026915662
"831","LBY",1,2,3,2,-0.882044791795857
"832","GRC",1,2,3,2,-0.607166650760819
"833","GBR",1,2,3,2,-0.436913189470339
"834","BIH",1,2,3,2,-0.26544968782432
"835","MAR",1,2,3,2,-0.176127905628589
"836","AUT",1,2,3,2,-0.152291631311548
"837","NLD",1,2,3,2,-0.114300090924963
"838","SRB",1,2,3,2,-0.0955377741477191
"839","BGR",1,2,3,2,-0.0628920676212488
"840","HRV",1,2,3,2,-0.0557380422232222
"841","ROU",1,2,3,2,-0.031372780388897
"842","BEL",1,2,3,2,-0.00850577989793739
"843","PRT",1,2,3,2,0.00692702041392898
"844","SVN",1,2,3,2,0.0438163199620482
"845","CHE",1,2,3,2,0.0581330043723727
"846","HUN",1,2,3,2,0.0604901792513597
"847","DZA",1,2,3,2,0.345592819193747
"848","ESP",1,2,3,2,0.502012384615126
"849","DEU",1,2,3,2,0.700167711877312
"850","FRA",1,2,3,2,1.41966288360686
"851","ITA",1,2,3,2,3.24633575752602
"852","TUR",1,2,3,3,-1.95049333420123
"853","LBY",1,2,3,3,-0.734619852144388
"854","TUN",1,2,3,3,-0.699698045113799
"855","GRC",1,2,3,3,-0.617197133564256
"856","GBR",1,2,3,3,-0.464965936038735
"857","BGR",1,2,3,3,-0.342481214920437
"858","MAR",1,2,3,3,-0.256564229180323
"859","BIH",1,2,3,3,-0.245821785719059
"860","HRV",1,2,3,3,-0.229391861449465
"861","AUT",1,2,3,3,-0.225943368030474
"862","ROU",1,2,3,3,-0.22238829738531
"863","SRB",1,2,3,3,-0.197130623460524
"864","NLD",1,2,3,3,-0.194402112900506
"865","BEL",1,2,3,3,-0.0692926555289676
"866","HUN",1,2,3,3,-0.0524372608187458
"867","SVN",1,2,3,3,-0.0232821981311298
"868","PRT",1,2,3,3,-0.0197912493497052
"869","CHE",1,2,3,3,0.0203425669773384
"870","DZA",1,2,3,3,0.343838891698687
"871","DEU",1,2,3,3,0.501017434949754
"872","ESP",1,2,3,3,0.641623275121496
"873","FRA",1,2,3,3,1.37719586460788
"874","ITA",1,2,3,3,3.6618831245819
"875","TUR",1,2,3,4,-1.95049333420123
"876","LBY",1,2,3,4,-0.734619852144387
"877","TUN",1,2,3,4,-0.699698045113795
"878","GRC",1,2,3,4,-0.617197133564257
"879","GBR",1,2,3,4,-0.464965936038735
"880","BGR",1,2,3,4,-0.342481214920437
"881","MAR",1,2,3,4,-0.256564229180324
"882","BIH",1,2,3,4,-0.245821785719059
"883","HRV",1,2,3,4,-0.229391861449466
"884","AUT",1,2,3,4,-0.225943368030474
"885","ROU",1,2,3,4,-0.222388297385313
"886","SRB",1,2,3,4,-0.197130623460524
"887","NLD",1,2,3,4,-0.194402112900506
"888","BEL",1,2,3,4,-0.0692926555289676
"889","HUN",1,2,3,4,-0.0524372608187463
"890","SVN",1,2,3,4,-0.0232821981311301
"891","PRT",1,2,3,4,-0.019791249349706
"892","CHE",1,2,3,4,0.0203425669773388
"893","DZA",1,2,3,4,0.343838891698687
"894","DEU",1,2,3,4,0.501017434949755
"895","ESP",1,2,3,4,0.641623275121499
"896","FRA",1,2,3,4,1.37719586460788
"897","ITA",1,2,3,4,3.6618831245819
"898","TUR",1,2,3,5,-1.93461659603754
"899","LBY",1,2,3,5,-0.736372416822845
"900","TUN",1,2,3,5,-0.712923833011429
"901","GRC",1,2,3,5,-0.632006899803401
"902","GBR",1,2,3,5,-0.45832760102651
"903","BGR",1,2,3,5,-0.353962451897403
"904","MAR",1,2,3,5,-0.262493719037979
"905","BIH",1,2,3,5,-0.250949282099218
"906","ROU",1,2,3,5,-0.242332059498176
"907","HRV",1,2,3,5,-0.24032151881418
"908","AUT",1,2,3,5,-0.220664421099093
"909","SRB",1,2,3,5,-0.199526631685407
"910","NLD",1,2,3,5,-0.194713833885898
"911","BEL",1,2,3,5,-0.0687693487636704
"912","HUN",1,2,3,5,-0.056223714943701
"913","PRT",1,2,3,5,-0.0281800194429311
"914","SVN",1,2,3,5,-0.0271995235223573
"915","CHE",1,2,3,5,0.0212502302263321
"916","DZA",1,2,3,5,0.326650080198638
"917","DEU",1,2,3,5,0.515215638395661
"918","ESP",1,2,3,5,0.6201804621478
"919","FRA",1,2,3,5,1.5337789074652
"920","ITA",1,2,3,5,3.60250855295811
"921","TUR",1,2,4,1,-2.29180180931905
"922","TUN",1,2,4,1,-1.1037851375005
"923","LBY",1,2,4,1,-0.84445307978373
"924","GRC",1,2,4,1,-0.778760575619407
"925","GBR",1,2,4,1,-0.29065905623193
"926","BIH",1,2,4,1,-0.273946841204652
"927","MAR",1,2,4,1,-0.204328412101428
"928","NLD",1,2,4,1,-0.154950495159727
"929","AUT",1,2,4,1,-0.128405872928533
"930","BGR",1,2,4,1,-0.0646069690021469
"931","SRB",1,2,4,1,-0.057917290466261
"932","BEL",1,2,4,1,-0.0498793434672809
"933","ROU",1,2,4,1,-0.0424174237208491
"934","HRV",1,2,4,1,-0.0096931027518306
"935","PRT",1,2,4,1,0.00450175015245677
"936","CHE",1,2,4,1,0.02179960796459
"937","SVN",1,2,4,1,0.0385878789886785
"938","HUN",1,2,4,1,0.0744385850484647
"939","DZA",1,2,4,1,0.301573348081014
"940","ESP",1,2,4,1,0.459653159380784
"941","DEU",1,2,4,1,0.658294413756978
"942","FRA",1,2,4,1,1.36975170557734
"943","ITA",1,2,4,1,3.36700496030701
"944","TUR",1,2,4,2,-2.26390503838863
"945","TUN",1,2,4,2,-0.991187272017211
"946","LBY",1,2,4,2,-0.86741603484166
"947","GRC",1,2,4,2,-0.688755243724481
"948","GBR",1,2,4,2,-0.32667835703599
"949","BIH",1,2,4,2,-0.267849634548427
"950","MAR",1,2,4,2,-0.210351028971808
"951","NLD",1,2,4,2,-0.169382698191621
"952","SRB",1,2,4,2,-0.164111539497563
"953","AUT",1,2,4,2,-0.152717644591208
"954","BGR",1,2,4,2,-0.0996676138246125
"955","ROU",1,2,4,2,-0.0836207498494471
"956","BEL",1,2,4,2,-0.0579210914760411
"957","HRV",1,2,4,2,-0.0323728183786077
"958","PRT",1,2,4,2,0.000788038137012169
"959","SVN",1,2,4,2,0.0226834413917571
"960","HUN",1,2,4,2,0.0259997269465827
"961","CHE",1,2,4,2,0.0265078049298821
"962","DZA",1,2,4,2,0.297137280437353
"963","ESP",1,2,4,2,0.59208747481385
"964","DEU",1,2,4,2,0.6155000709085
"965","FRA",1,2,4,2,1.39119178186454
"966","ITA",1,2,4,2,3.40404114590783
"967","TUR",1,2,4,3,-2.07452275270902
"968","TUN",1,2,4,3,-0.830922808933603
"969","LBY",1,2,4,3,-0.786596338431105
"970","GRC",1,2,4,3,-0.640038930118007
"971","GBR",1,2,4,3,-0.454867576764374
"972","BIH",1,2,4,3,-0.264234092863717
"973","MAR",1,2,4,3,-0.23160283650889
"974","AUT",1,2,4,3,-0.199169160718098
"975","NLD",1,2,4,3,-0.181617231115381
"976","SRB",1,2,4,3,-0.179009697736711
"977","HRV",1,2,4,3,-0.164427136314479
"978","BGR",1,2,4,3,-0.159404586428451
"979","ROU",1,2,4,3,-0.145476617781245
"980","BEL",1,2,4,3,-0.0644375389473009
"981","HUN",1,2,4,3,-0.0191844861191103
"982","PRT",1,2,4,3,-0.0164978661143651
"983","SVN",1,2,4,3,-0.00164517063478882
"984","CHE",1,2,4,3,0.0180530401814233
"985","DZA",1,2,4,3,0.316977710149059
"986","DEU",1,2,4,3,0.524881536921251
"987","ESP",1,2,4,3,0.623251787750683
"988","FRA",1,2,4,3,1.33731388427842
"989","ITA",1,2,4,3,3.59317686895781
"990","TUR",1,2,4,4,-1.95277518365783
"991","LBY",1,2,4,4,-0.735267824917423
"992","TUN",1,2,4,4,-0.70364658709856
"993","GRC",1,2,4,4,-0.616951377043134
"994","GBR",1,2,4,4,-0.466480243013171
"995","BGR",1,2,4,4,-0.341854927654176
"996","MAR",1,2,4,4,-0.256104841746203
"997","BIH",1,2,4,4,-0.245769211818221
"998","HRV",1,2,4,4,-0.228132391176269
"999","AUT",1,2,4,4,-0.225409000624827
"1000","ROU",1,2,4,4,-0.221290527365444
"1001","SRB",1,2,4,4,-0.196760286926607
"1002","NLD",1,2,4,4,-0.194091462043722
"1003","BEL",1,2,4,4,-0.0691270680559503
"1004","HUN",1,2,4,4,-0.0517942960925205
"1005","SVN",1,2,4,4,-0.0227380713607343
"1006","PRT",1,2,4,4,-0.0178472060157344
"1007","CHE",1,2,4,4,0.020619981901609
"1008","DZA",1,2,4,4,0.34392702898757
"1009","DEU",1,2,4,4,0.502243829407055
"1010","ESP",1,2,4,4,0.641886613868211
"1011","FRA",1,2,4,4,1.37788257487765
"1012","ITA",1,2,4,4,3.65948047756843
"1013","TUR",1,2,4,5,-1.95049333420123
"1014","LBY",1,2,4,5,-0.734619852144387
"1015","TUN",1,2,4,5,-0.699698045113796
"1016","GRC",1,2,4,5,-0.617197133564257
"1017","GBR",1,2,4,5,-0.464965936038735
"1018","BGR",1,2,4,5,-0.342481214920438
"1019","MAR",1,2,4,5,-0.256564229180324
"1020","BIH",1,2,4,5,-0.245821785719058
"1021","HRV",1,2,4,5,-0.229391861449465
"1022","AUT",1,2,4,5,-0.225943368030474
"1023","ROU",1,2,4,5,-0.222388297385312
"1024","SRB",1,2,4,5,-0.197130623460524
"1025","NLD",1,2,4,5,-0.194402112900506
"1026","BEL",1,2,4,5,-0.0692926555289677
"1027","HUN",1,2,4,5,-0.0524372608187462
"1028","SVN",1,2,4,5,-0.0232821981311299
"1029","PRT",1,2,4,5,-0.0197912493497052
"1030","CHE",1,2,4,5,0.0203425669773381
"1031","DZA",1,2,4,5,0.343838891698688
"1032","DEU",1,2,4,5,0.501017434949753
"1033","ESP",1,2,4,5,0.641623275121497
"1034","FRA",1,2,4,5,1.37719586460788
"1035","ITA",1,2,4,5,3.6618831245819
"1036","TUR",1,2,5,1,-2.30002278990547
"1037","LBY",1,2,5,1,-1.1107607674341
"1038","TUN",1,2,5,1,-1.07385331347503
"1039","GRC",1,2,5,1,-0.671533346874572
"1040","GBR",1,2,5,1,-0.243343281142926
"1041","BIH",1,2,5,1,-0.238003731222144
"1042","MAR",1,2,5,1,-0.196877736137341
"1043","NLD",1,2,5,1,-0.152161898346432
"1044","AUT",1,2,5,1,-0.104493896554025
"1045","SRB",1,2,5,1,-0.0642260825287883
"1046","BEL",1,2,5,1,-0.0478388597752061
"1047","BGR",1,2,5,1,-0.0311042643014287
"1048","ROU",1,2,5,1,-0.0210681547560978
"1049","CHE",1,2,5,1,0.00713469674914722
"1050","SVN",1,2,5,1,0.0299556243599138
"1051","PRT",1,2,5,1,0.0365238230528203
"1052","HRV",1,2,5,1,0.0421651490754789
"1053","DZA",1,2,5,1,0.0735788898124797
"1054","HUN",1,2,5,1,0.0829821867329355
"1055","DEU",1,2,5,1,0.566152705254395
"1056","ESP",1,2,5,1,0.717874225558752
"1057","FRA",1,2,5,1,1.405186280387
"1058","ITA",1,2,5,1,3.29373454147064
"1059","TUR",1,2,5,2,-2.25957162730977
"1060","TUN",1,2,5,2,-1.01259967812392
"1061","LBY",1,2,5,2,-0.872855496370809
"1062","GRC",1,2,5,2,-0.682707987620133
"1063","GBR",1,2,5,2,-0.30986847525681
"1064","BIH",1,2,5,2,-0.265482868881293
"1065","MAR",1,2,5,2,-0.202790947758333
"1066","SRB",1,2,5,2,-0.167583819593674
"1067","NLD",1,2,5,2,-0.166665311912922
"1068","AUT",1,2,5,2,-0.138610644912087
"1069","BGR",1,2,5,2,-0.0884829109328858
"1070","ROU",1,2,5,2,-0.0709559887268849
"1071","BEL",1,2,5,2,-0.0566686490724367
"1072","HRV",1,2,5,2,-0.0128615082641563
"1073","CHE",1,2,5,2,0.00992890840786623
"1074","PRT",1,2,5,2,0.0137817618935168
"1075","SVN",1,2,5,2,0.0261971819207194
"1076","HUN",1,2,5,2,0.0345852254912774
"1077","DZA",1,2,5,2,0.260127269788512
"1078","DEU",1,2,5,2,0.557437430797149
"1079","ESP",1,2,5,2,0.591833273282936
"1080","FRA",1,2,5,2,1.40072034376302
"1081","ITA",1,2,5,2,3.41309451939112
"1082","TUR",1,2,5,3,-2.24875308334487
"1083","TUN",1,2,5,3,-0.973732990916009
"1084","LBY",1,2,5,3,-0.864333248789543
"1085","GRC",1,2,5,3,-0.680570917467509
"1086","GBR",1,2,5,3,-0.325583208132834
"1087","BIH",1,2,5,3,-0.265730680456844
"1088","MAR",1,2,5,3,-0.209389842454468
"1089","SRB",1,2,5,3,-0.173589027848258
"1090","NLD",1,2,5,3,-0.16948544838526
"1091","AUT",1,2,5,3,-0.153333542879917
"1092","BGR",1,2,5,3,-0.100913075257953
"1093","ROU",1,2,5,3,-0.0842312553384465
"1094","BEL",1,2,5,3,-0.0584550039473291
"1095","HRV",1,2,5,3,-0.0329949030450068
"1096","PRT",1,2,5,3,0.0041557513497751
"1097","SVN",1,2,5,3,0.0215566719722365
"1098","HUN",1,2,5,3,0.0244628794730689
"1099","CHE",1,2,5,3,0.02638379108677
"1100","DZA",1,2,5,3,0.287592379592591
"1101","DEU",1,2,5,3,0.564394106494145
"1102","ESP",1,2,5,3,0.591609698011364
"1103","FRA",1,2,5,3,1.38911708845062
"1104","ITA",1,2,5,3,3.43182386183368
"1105","TUR",1,2,5,4,-2.08824367615569
"1106","TUN",1,2,5,4,-0.843938681000688
"1107","LBY",1,2,5,4,-0.806558251831181
"1108","GRC",1,2,5,4,-0.643555828549799
"1109","GBR",1,2,5,4,-0.344483349797581
"1110","BIH",1,2,5,4,-0.258746491539033
"1111","MAR",1,2,5,4,-0.227290112523274
"1112","AUT",1,2,5,4,-0.188982468021149
"1113","NLD",1,2,5,4,-0.182379262235493
"1114","SRB",1,2,5,4,-0.181233685935252
"1115","HRV",1,2,5,4,-0.165852948508901
"1116","ROU",1,2,5,4,-0.154676690389959
"1117","BGR",1,2,5,4,-0.154579057784934
"1118","BEL",1,2,5,4,-0.0654520089856624
"1119","SVN",1,2,5,4,-0.0319960807161746
"1120","HUN",1,2,5,4,-0.0147143699583053
"1121","PRT",1,2,5,4,-0.0109109858484161
"1122","CHE",1,2,5,4,0.0173396920104702
"1123","DZA",1,2,5,4,0.284819331880699
"1124","DEU",1,2,5,4,0.487397569255822
"1125","ESP",1,2,5,4,0.627382990080006
"1126","FRA",1,2,5,4,1.35642281850647
"1127","ITA",1,2,5,4,3.59023154804802
"1128","TUR",1,2,5,5,-1.88005843384409
"1129","LBY",1,2,5,5,-0.712099401140228
"1130","TUN",1,2,5,5,-0.644971224600607
"1131","GRC",1,2,5,5,-0.604881649736113
"1132","GBR",1,2,5,5,-0.461561786376831
"1133","BGR",1,2,5,5,-0.353524910085559
"1134","MAR",1,2,5,5,-0.261436243521061
"1135","HRV",1,2,5,5,-0.250738230907531
"1136","ROU",1,2,5,5,-0.247186871196081
"1137","BIH",1,2,5,5,-0.24243445709574
"1138","AUT",1,2,5,5,-0.232196526566352
"1139","SRB",1,2,5,5,-0.201654615156819
"1140","NLD",1,2,5,5,-0.196756054922791
"1141","BEL",1,2,5,5,-0.0716881903988413
"1142","HUN",1,2,5,5,-0.0666722751519897
"1143","SVN",1,2,5,5,-0.066614967497958
"1144","PRT",1,2,5,5,-0.0200407577508493
"1145","CHE",1,2,5,5,0.0161625777917692
"1146","DZA",1,2,5,5,0.33518631754356
"1147","DEU",1,2,5,5,0.423530538642816
"1148","ESP",1,2,5,5,0.655617961948262
"1149","FRA",1,2,5,5,1.36003129262578
"1150","ITA",1,2,5,5,3.72398790739725
"1151","TUR",2,1,1,1,-2.18174173599528
"1152","TUN",2,1,1,1,-0.896280057060155
"1153","LBY",2,1,1,1,-0.763770445067966
"1154","GRC",2,1,1,1,-0.604451631164021
"1155","GBR",2,1,1,1,-0.475391586899661
"1156","BGR",2,1,1,1,-0.27596994241308
"1157","BIH",2,1,1,1,-0.243851545804266
"1158","MAR",2,1,1,1,-0.234296849714217
"1159","AUT",2,1,1,1,-0.212632784431806
"1160","NLD",2,1,1,1,-0.158215711282272
"1161","ROU",2,1,1,1,-0.133894472323408
"1162","SRB",2,1,1,1,-0.125647464053598
"1163","HRV",2,1,1,1,-0.0874589855924577
"1164","PRT",2,1,1,1,-0.0521483144756622
"1165","BEL",2,1,1,1,-0.0227649806047974
"1166","HUN",2,1,1,1,0.00421712149311487
"1167","SVN",2,1,1,1,0.0128784704523825
"1168","CHE",2,1,1,1,0.041449552116041
"1169","DZA",2,1,1,1,0.350343886009
"1170","ESP",2,1,1,1,0.473758153772732
"1171","DEU",2,1,1,1,0.618193196162115
"1172","FRA",2,1,1,1,1.51263753647731
"1173","ITA",2,1,1,1,3.45503859039995
"1174","TUR",2,1,1,2,-2.05433976983324
"1175","TUN",2,1,1,2,-0.79375104977677
"1176","LBY",2,1,1,2,-0.715727602530219
"1177","GRC",2,1,1,2,-0.578615600110911
"1178","GBR",2,1,1,2,-0.480190068599602
"1179","BGR",2,1,1,2,-0.310808291374446
"1180","MAR",2,1,1,2,-0.251610435026554
"1181","AUT",2,1,1,2,-0.243142884765411
"1182","BIH",2,1,1,2,-0.240257073921584
"1183","HRV",2,1,1,2,-0.240148768105351
"1184","ROU",2,1,1,2,-0.178627444107924
"1185","NLD",2,1,1,2,-0.172483185052667
"1186","SRB",2,1,1,2,-0.134574295553583
"1187","PRT",2,1,1,2,-0.0619422979064163
"1188","BEL",2,1,1,2,-0.0306911521480759
"1189","HUN",2,1,1,2,-0.0261768255118055
"1190","SVN",2,1,1,2,-0.00740619732713522
"1191","CHE",2,1,1,2,0.0360601154722449
"1192","DZA",2,1,1,2,0.350371726903618
"1193","ESP",2,1,1,2,0.515067722232879
"1194","DEU",2,1,1,2,0.559868418439198
"1195","FRA",2,1,1,2,1.49223133116266
"1196","ITA",2,1,1,2,3.56689362744109
"1197","TUR",2,1,1,3,-1.77350335842382
"1198","TUN",2,1,1,3,-0.646806131519926
"1199","GRC",2,1,1,3,-0.634119009514137
"1200","LBY",2,1,1,3,-0.603167443079913
"1201","GBR",2,1,1,3,-0.463358419584392
"1202","BGR",2,1,1,3,-0.358516805946639
"1203","HRV",2,1,1,3,-0.337060941654743
"1204","MAR",2,1,1,3,-0.283463769057091
"1205","AUT",2,1,1,3,-0.264231279007086
"1206","BIH",2,1,1,3,-0.242601256591793
"1207","ROU",2,1,1,3,-0.241358553338818
"1208","NLD",2,1,1,3,-0.219073857403666
"1209","SRB",2,1,1,3,-0.182557074050768
"1210","PRT",2,1,1,3,-0.0787847081272933
"1211","HUN",2,1,1,3,-0.0737595942955516
"1212","BEL",2,1,1,3,-0.0718836960653207
"1213","SVN",2,1,1,3,-0.0347744865584594
"1214","CHE",2,1,1,3,0.00710411517533089
"1215","DZA",2,1,1,3,0.340165933430707
"1216","DEU",2,1,1,3,0.438286173168878
"1217","ESP",2,1,1,3,0.538670847507203
"1218","FRA",2,1,1,3,1.4075178744127
"1219","ITA",2,1,1,3,3.77727544052459
"1220","TUR",2,1,1,4,-1.77350335842381
"1221","TUN",2,1,1,4,-0.646806131519924
"1222","GRC",2,1,1,4,-0.634119009514137
"1223","LBY",2,1,1,4,-0.603167443079913
"1224","GBR",2,1,1,4,-0.463358419584393
"1225","BGR",2,1,1,4,-0.35851680594664
"1226","HRV",2,1,1,4,-0.337060941654744
"1227","MAR",2,1,1,4,-0.283463769057091
"1228","AUT",2,1,1,4,-0.264231279007087
"1229","BIH",2,1,1,4,-0.242601256591793
"1230","ROU",2,1,1,4,-0.241358553338819
"1231","NLD",2,1,1,4,-0.219073857403667
"1232","SRB",2,1,1,4,-0.182557074050768
"1233","PRT",2,1,1,4,-0.0787847081272932
"1234","HUN",2,1,1,4,-0.0737595942955527
"1235","BEL",2,1,1,4,-0.0718836960653211
"1236","SVN",2,1,1,4,-0.03477448655846
"1237","CHE",2,1,1,4,0.00710411517533023
"1238","DZA",2,1,1,4,0.340165933430706
"1239","DEU",2,1,1,4,0.438286173168876
"1240","ESP",2,1,1,4,0.538670847507204
"1241","FRA",2,1,1,4,1.4075178744127
"1242","ITA",2,1,1,4,3.7772754405246
"1243","TUR",2,1,1,5,-1.7554653175161
"1244","TUN",2,1,1,5,-0.661135499460105
"1245","LBY",2,1,1,5,-0.627055058434046
"1246","GRC",2,1,1,5,-0.626384584312419
"1247","GBR",2,1,1,5,-0.441907768064393
"1248","BGR",2,1,1,5,-0.353425641516446
"1249","HRV",2,1,1,5,-0.327281427379551
"1250","MAR",2,1,1,5,-0.279144737245804
"1251","AUT",2,1,1,5,-0.252062988426206
"1252","ROU",2,1,1,5,-0.243068004082252
"1253","BIH",2,1,1,5,-0.241018936462355
"1254","NLD",2,1,1,5,-0.215752212095997
"1255","SRB",2,1,1,5,-0.180477111217078
"1256","BEL",2,1,1,5,-0.070190184111758
"1257","HUN",2,1,1,5,-0.0692882823543339
"1258","PRT",2,1,1,5,-0.0668141941502649
"1259","SVN",2,1,1,5,-0.0362336782267675
"1260","CHE",2,1,1,5,0.0175543512962328
"1261","DZA",2,1,1,5,0.222598152153638
"1262","DEU",2,1,1,5,0.456260289320279
"1263","ESP",2,1,1,5,0.533388032458577
"1264","FRA",2,1,1,5,1.4327519839461
"1265","ITA",2,1,1,5,3.78415281588104
"1266","TUR",2,1,2,1,-2.06617504051743
"1267","TUN",2,1,2,1,-0.841833366659552
"1268","LBY",2,1,2,1,-0.747521339164378
"1269","GRC",2,1,2,1,-0.682437202412527
"1270","GBR",2,1,2,1,-0.441053838511955
"1271","BGR",2,1,2,1,-0.296349438078617
"1272","BIH",2,1,2,1,-0.248995244858751
"1273","MAR",2,1,2,1,-0.230410934286413
"1274","AUT",2,1,2,1,-0.184298692846984
"1275","NLD",2,1,2,1,-0.177691104699682
"1276","SRB",2,1,2,1,-0.174106432682575
"1277","ROU",2,1,2,1,-0.155531109431279
"1278","HRV",2,1,2,1,-0.108348298135934
"1279","BEL",2,1,2,1,-0.0616248067283535
"1280","HUN",2,1,2,1,-0.0116358573527998
"1281","SVN",2,1,2,1,0.0036365953228137
"1282","PRT",2,1,2,1,0.00732649566628201
"1283","CHE",2,1,2,1,0.02362209664269
"1284","DZA",2,1,2,1,0.34049557960878
"1285","ESP",2,1,2,1,0.530134107592866
"1286","DEU",2,1,2,1,0.561418027395112
"1287","FRA",2,1,2,1,1.37521839350993
"1288","ITA",2,1,2,1,3.58616141062876
"1289","TUR",2,1,2,2,-1.93549836652827
"1290","TUN",2,1,2,2,-0.750974893108838
"1291","LBY",2,1,2,2,-0.701399375439232
"1292","GRC",2,1,2,2,-0.667240221259485
"1293","GBR",2,1,2,2,-0.440545417476865
"1294","BGR",2,1,2,2,-0.342117523618429
"1295","HRV",2,1,2,2,-0.265742425864301
"1296","MAR",2,1,2,2,-0.252010840002686
"1297","BIH",2,1,2,2,-0.250017038227979
"1298","ROU",2,1,2,2,-0.220907750862764
"1299","AUT",2,1,2,2,-0.209708590307891
"1300","NLD",2,1,2,2,-0.188786623113162
"1301","SRB",2,1,2,2,-0.182917519190421
"1302","BEL",2,1,2,2,-0.066359560371598
"1303","HUN",2,1,2,2,-0.0455058442636318
"1304","SVN",2,1,2,2,-0.0203279941279751
"1305","PRT",2,1,2,2,-0.0112259384456416
"1306","CHE",2,1,2,2,0.0206112902819582
"1307","DZA",2,1,2,2,0.327784848845243
"1308","DEU",2,1,2,2,0.521379229193619
"1309","ESP",2,1,2,2,0.548824943260079
"1310","FRA",2,1,2,2,1.51208569618983
"1311","ITA",2,1,2,2,3.62059991443844
"1312","TUR",2,1,2,3,-1.93549836652826
"1313","TUN",2,1,2,3,-0.750974893108836
"1314","LBY",2,1,2,3,-0.701399375439231
"1315","GRC",2,1,2,3,-0.667240221259482
"1316","GBR",2,1,2,3,-0.440545417476864
"1317","BGR",2,1,2,3,-0.34211752361843
"1318","HRV",2,1,2,3,-0.265742425864302
"1319","MAR",2,1,2,3,-0.252010840002686
"1320","BIH",2,1,2,3,-0.250017038227979
"1321","ROU",2,1,2,3,-0.220907750862765
"1322","AUT",2,1,2,3,-0.209708590307892
"1323","NLD",2,1,2,3,-0.188786623113162
"1324","SRB",2,1,2,3,-0.18291751919042
"1325","BEL",2,1,2,3,-0.0663595603715984
"1326","HUN",2,1,2,3,-0.0455058442636321
"1327","SVN",2,1,2,3,-0.0203279941279757
"1328","PRT",2,1,2,3,-0.0112259384456414
"1329","CHE",2,1,2,3,0.0206112902819565
"1330","DZA",2,1,2,3,0.327784848845239
"1331","DEU",2,1,2,3,0.521379229193616
"1332","ESP",2,1,2,3,0.548824943260077
"1333","FRA",2,1,2,3,1.51208569618982
"1334","ITA",2,1,2,3,3.62059991443844
"1335","TUR",2,1,2,4,-1.93390135808601
"1336","TUN",2,1,2,4,-0.747969662416162
"1337","LBY",2,1,2,4,-0.700929841779722
"1338","GRC",2,1,2,4,-0.667363164085038
"1339","GBR",2,1,2,4,-0.439382889256797
"1340","BGR",2,1,2,4,-0.342511320739878
"1341","HRV",2,1,2,4,-0.26660340979256
"1342","MAR",2,1,2,4,-0.25233421905593
"1343","BIH",2,1,2,4,-0.250041829047347
"1344","ROU",2,1,2,4,-0.221629351828157
"1345","AUT",2,1,2,4,-0.210061760512419
"1346","NLD",2,1,2,4,-0.18901918881857
"1347","SRB",2,1,2,4,-0.183185760231579
"1348","BEL",2,1,2,4,-0.066478590578323
"1349","HUN",2,1,2,4,-0.0459230284941935
"1350","SVN",2,1,2,4,-0.0207259466516642
"1351","PRT",2,1,2,4,-0.0135090222530018
"1352","CHE",2,1,2,4,0.0204400953095407
"1353","DZA",2,1,2,4,0.327868552599927
"1354","DEU",2,1,2,4,0.520531346356061
"1355","ESP",2,1,2,4,0.54868270952967
"1356","FRA",2,1,2,4,1.51169601261602
"1357","ITA",2,1,2,4,3.62235162721613
"1358","TUR",2,1,2,5,-1.93390135808601
"1359","TUN",2,1,2,5,-0.74796966241616
"1360","LBY",2,1,2,5,-0.700929841779721
"1361","GRC",2,1,2,5,-0.667363164085039
"1362","GBR",2,1,2,5,-0.439382889256797
"1363","BGR",2,1,2,5,-0.342511320739878
"1364","HRV",2,1,2,5,-0.266603409792561
"1365","MAR",2,1,2,5,-0.252334219055931
"1366","BIH",2,1,2,5,-0.250041829047348
"1367","ROU",2,1,2,5,-0.221629351828158
"1368","AUT",2,1,2,5,-0.210061760512418
"1369","NLD",2,1,2,5,-0.18901918881857
"1370","SRB",2,1,2,5,-0.18318576023158
"1371","BEL",2,1,2,5,-0.0664785905783231
"1372","HUN",2,1,2,5,-0.0459230284941938
"1373","SVN",2,1,2,5,-0.0207259466516647
"1374","PRT",2,1,2,5,-0.013509022253003
"1375","CHE",2,1,2,5,0.020440095309541
"1376","DZA",2,1,2,5,0.327868552599929
"1377","DEU",2,1,2,5,0.520531346356063
"1378","ESP",2,1,2,5,0.548682709529671
"1379","FRA",2,1,2,5,1.51169601261603
"1380","ITA",2,1,2,5,3.62235162721613
"1381","TUR",2,1,3,1,-2.23071149653448
"1382","TUN",2,1,3,1,-1.00450758422514
"1383","LBY",2,1,3,1,-0.802754858074483
"1384","GRC",2,1,3,1,-0.724306054986592
"1385","GBR",2,1,3,1,-0.424112338260273
"1386","BIH",2,1,3,1,-0.275096804879468
"1387","MAR",2,1,3,1,-0.20158446937573
"1388","NLD",2,1,3,1,-0.161020983027161
"1389","SRB",2,1,3,1,-0.151054766384844
"1390","AUT",2,1,3,1,-0.145313477330621
"1391","BGR",2,1,3,1,-0.094906627079199
"1392","ROU",2,1,3,1,-0.0644020529768849
"1393","BEL",2,1,3,1,-0.0547175787716857
"1394","HRV",2,1,3,1,-0.0174343113413559
"1395","PRT",2,1,3,1,0.00881787336403228
"1396","CHE",2,1,3,1,0.0260216006363642
"1397","SVN",2,1,3,1,0.0324418632336914
"1398","HUN",2,1,3,1,0.0326849069537283
"1399","DZA",2,1,3,1,0.3360528982065
"1400","ESP",2,1,3,1,0.489303146401693
"1401","DEU",2,1,3,1,0.622275886312794
"1402","FRA",2,1,3,1,1.358099969181
"1403","ITA",2,1,3,1,3.44622525895812
"1404","TUR",2,1,3,2,-2.01343459777407
"1405","TUN",2,1,3,2,-0.826649316238284
"1406","LBY",2,1,3,2,-0.726189950054955
"1407","GRC",2,1,3,2,-0.681400256053424
"1408","GBR",2,1,3,2,-0.444899143131612
"1409","BGR",2,1,3,2,-0.305153372329217
"1410","BIH",2,1,3,2,-0.250479989314547
"1411","MAR",2,1,3,2,-0.232774877340054
"1412","AUT",2,1,3,2,-0.190947514678052
"1413","NLD",2,1,3,2,-0.178271949635078
"1414","SRB",2,1,3,2,-0.175750463846797
"1415","ROU",2,1,3,2,-0.168117528185064
"1416","HRV",2,1,3,2,-0.124964951908998
"1417","BEL",2,1,3,2,-0.0624578740217122
"1418","HUN",2,1,3,2,-0.0213960944420377
"1419","SVN",2,1,3,2,-0.00113324773629345
"1420","PRT",2,1,3,2,-0.000336133711795999
"1421","CHE",2,1,3,2,0.0183549469389122
"1422","DZA",2,1,3,2,0.340172430754648
"1423","ESP",2,1,3,2,0.509960788206585
"1424","DEU",2,1,3,2,0.548630453366265
"1425","FRA",2,1,3,2,1.35293060421752
"1426","ITA",2,1,3,2,3.63430803691806
"1427","TUR",2,1,3,3,-1.9008129568089
"1428","TUN",2,1,3,3,-0.727661896759512
"1429","LBY",2,1,3,3,-0.678809514108198
"1430","GRC",2,1,3,3,-0.653311346499786
"1431","GBR",2,1,3,3,-0.44911837460323
"1432","BGR",2,1,3,3,-0.337613440955093
"1433","HRV",2,1,3,3,-0.267704682695111
"1434","MAR",2,1,3,3,-0.24733470126329
"1435","BIH",2,1,3,3,-0.246549745830001
"1436","AUT",2,1,3,3,-0.219581537642977
"1437","ROU",2,1,3,3,-0.211232784346747
"1438","NLD",2,1,3,3,-0.188218112506409
"1439","SRB",2,1,3,3,-0.181169488723243
"1440","BEL",2,1,3,3,-0.0673320800332764
"1441","HUN",2,1,3,3,-0.0498709281868691
"1442","SVN",2,1,3,3,-0.0201686667905041
"1443","PRT",2,1,3,3,-0.00870985357714984
"1444","CHE",2,1,3,3,0.0144976685701467
"1445","DZA",2,1,3,3,0.343612680041642
"1446","DEU",2,1,3,3,0.497292036322776
"1447","ESP",2,1,3,3,0.544543340344318
"1448","FRA",2,1,3,3,1.33347252337572
"1449","ITA",2,1,3,3,3.7217818626757
"1450","TUR",2,1,3,4,-1.89155864708458
"1451","TUN",2,1,3,4,-0.742349148954693
"1452","LBY",2,1,3,4,-0.683402638856042
"1453","GRC",2,1,3,4,-0.666705806051967
"1454","GBR",2,1,3,4,-0.44351667154896
"1455","BGR",2,1,3,4,-0.347889317100282
"1456","HRV",2,1,3,4,-0.276555234768204
"1457","MAR",2,1,3,4,-0.252902064760913
"1458","BIH",2,1,3,4,-0.251213311371861
"1459","ROU",2,1,3,4,-0.229279550342531
"1460","AUT",2,1,3,4,-0.214268152700276
"1461","NLD",2,1,3,4,-0.188541029001573
"1462","SRB",2,1,3,4,-0.1837412560496
"1463","BEL",2,1,3,4,-0.0667660797922096
"1464","HUN",2,1,3,4,-0.0527810563601852
"1465","SVN",2,1,3,4,-0.0235495024590124
"1466","PRT",2,1,3,4,-0.0178903292874676
"1467","CHE",2,1,3,4,0.0160469591083311
"1468","DZA",2,1,3,4,0.328036664921361
"1469","DEU",2,1,3,4,0.512489584308975
"1470","ESP",2,1,3,4,0.526920766016716
"1471","FRA",2,1,3,4,1.48939725580442
"1472","ITA",2,1,3,4,3.66001856633055
"1473","TUR",2,1,3,5,-1.93390135808601
"1474","TUN",2,1,3,5,-0.74796966241616
"1475","LBY",2,1,3,5,-0.700929841779721
"1476","GRC",2,1,3,5,-0.667363164085039
"1477","GBR",2,1,3,5,-0.439382889256797
"1478","BGR",2,1,3,5,-0.342511320739878
"1479","HRV",2,1,3,5,-0.266603409792561
"1480","MAR",2,1,3,5,-0.252334219055931
"1481","BIH",2,1,3,5,-0.250041829047348
"1482","ROU",2,1,3,5,-0.221629351828158
"1483","AUT",2,1,3,5,-0.210061760512418
"1484","NLD",2,1,3,5,-0.18901918881857
"1485","SRB",2,1,3,5,-0.18318576023158
"1486","BEL",2,1,3,5,-0.0664785905783231
"1487","HUN",2,1,3,5,-0.0459230284941938
"1488","SVN",2,1,3,5,-0.0207259466516647
"1489","PRT",2,1,3,5,-0.013509022253003
"1490","CHE",2,1,3,5,0.020440095309541
"1491","DZA",2,1,3,5,0.327868552599929
"1492","DEU",2,1,3,5,0.520531346356063
"1493","ESP",2,1,3,5,0.548682709529671
"1494","FRA",2,1,3,5,1.51169601261603
"1495","ITA",2,1,3,5,3.62235162721613
"1496","TUR",2,1,4,1,-2.2273245048417
"1497","TUN",2,1,4,1,-1.04179973129804
"1498","LBY",2,1,4,1,-0.811170383030786
"1499","GRC",2,1,4,1,-0.746121223442398
"1500","GBR",2,1,4,1,-0.309677227457577
"1501","BIH",2,1,4,1,-0.272002434595688
"1502","MAR",2,1,4,1,-0.198888708896687
"1503","NLD",2,1,4,1,-0.160291347504992
"1504","SRB",2,1,4,1,-0.147607739925614
"1505","AUT",2,1,4,1,-0.138689867611503
"1506","BGR",2,1,4,1,-0.0901686506283074
"1507","ROU",2,1,4,1,-0.0671781441267961
"1508","BEL",2,1,4,1,-0.0548751425244608
"1509","HRV",2,1,4,1,-0.0209983865052486
"1510","PRT",2,1,4,1,0.0113355511153892
"1511","CHE",2,1,4,1,0.0186987251245792
"1512","SVN",2,1,4,1,0.0296805981160194
"1513","HUN",2,1,4,1,0.0327779944060951
"1514","DZA",2,1,4,1,0.295674592291645
"1515","ESP",2,1,4,1,0.476113447556278
"1516","DEU",2,1,4,1,0.620060475362686
"1517","FRA",2,1,4,1,1.3490992182836
"1518","ITA",2,1,4,1,3.4533528901335
"1519","TUR",2,1,4,2,-2.23071149653449
"1520","TUN",2,1,4,2,-1.00450758422515
"1521","LBY",2,1,4,2,-0.802754858074487
"1522","GRC",2,1,4,2,-0.724306054986592
"1523","GBR",2,1,4,2,-0.424112338260273
"1524","BIH",2,1,4,2,-0.275096804879468
"1525","MAR",2,1,4,2,-0.201584469375728
"1526","NLD",2,1,4,2,-0.16102098302716
"1527","SRB",2,1,4,2,-0.151054766384843
"1528","AUT",2,1,4,2,-0.14531347733062
"1529","BGR",2,1,4,2,-0.0949066270791961
"1530","ROU",2,1,4,2,-0.0644020529768822
"1531","BEL",2,1,4,2,-0.0547175787716856
"1532","HRV",2,1,4,2,-0.0174343113413516
"1533","PRT",2,1,4,2,0.00881787336403267
"1534","CHE",2,1,4,2,0.0260216006363653
"1535","SVN",2,1,4,2,0.0324418632336922
"1536","HUN",2,1,4,2,0.0326849069537303
"1537","DZA",2,1,4,2,0.336052898206501
"1538","ESP",2,1,4,2,0.489303146401696
"1539","DEU",2,1,4,2,0.622275886312798
"1540","FRA",2,1,4,2,1.35809996918101
"1541","ITA",2,1,4,2,3.44622525895811
"1542","TUR",2,1,4,3,-2.09117425115505
"1543","TUN",2,1,4,3,-0.873963394037601
"1544","LBY",2,1,4,3,-0.750557423826507
"1545","GRC",2,1,4,3,-0.684504079555989
"1546","GBR",2,1,4,3,-0.435358303135006
"1547","BIH",2,1,4,3,-0.26672539199879
"1548","MAR",2,1,4,3,-0.223202164398979
"1549","HRV",2,1,4,3,-0.190503844422782
"1550","AUT",2,1,4,3,-0.185995474414817
"1551","NLD",2,1,4,3,-0.175917654740315
"1552","SRB",2,1,4,3,-0.162214087540212
"1553","BGR",2,1,4,3,-0.148125017179363
"1554","ROU",2,1,4,3,-0.126050131733278
"1555","BEL",2,1,4,3,-0.0617616301898559
"1556","HUN",2,1,4,3,-0.00667888202559856
"1557","PRT",2,1,4,3,-0.00326907177910519
"1558","SVN",2,1,4,3,0.00635329792012273
"1559","CHE",2,1,4,3,0.0209128256307728
"1560","DZA",2,1,4,3,0.339207676658609
"1561","ESP",2,1,4,3,0.540624027411089
"1562","DEU",2,1,4,3,0.555227191149002
"1563","FRA",2,1,4,3,1.34077393071261
"1564","ITA",2,1,4,3,3.58290185265104
"1565","TUR",2,1,4,4,-1.9008129568089
"1566","TUN",2,1,4,4,-0.727661896759508
"1567","LBY",2,1,4,4,-0.678809514108195
"1568","GRC",2,1,4,4,-0.653311346499788
"1569","GBR",2,1,4,4,-0.44911837460323
"1570","BGR",2,1,4,4,-0.337613440955093
"1571","HRV",2,1,4,4,-0.267704682695113
"1572","MAR",2,1,4,4,-0.247334701263291
"1573","BIH",2,1,4,4,-0.246549745830002
"1574","AUT",2,1,4,4,-0.219581537642977
"1575","ROU",2,1,4,4,-0.211232784346748
"1576","NLD",2,1,4,4,-0.18821811250641
"1577","SRB",2,1,4,4,-0.181169488723243
"1578","BEL",2,1,4,4,-0.0673320800332768
"1579","HUN",2,1,4,4,-0.0498709281868704
"1580","SVN",2,1,4,4,-0.0201686667905046
"1581","PRT",2,1,4,4,-0.00870985357714986
"1582","CHE",2,1,4,4,0.0144976685701461
"1583","DZA",2,1,4,4,0.343612680041642
"1584","DEU",2,1,4,4,0.497292036322776
"1585","ESP",2,1,4,4,0.544543340344318
"1586","FRA",2,1,4,4,1.33347252337572
"1587","ITA",2,1,4,4,3.7217818626757
"1588","TUR",2,1,4,5,-1.90499181009379
"1589","LBY",2,1,4,5,-0.720995605318365
"1590","TUN",2,1,4,5,-0.668807237327924
"1591","GRC",2,1,4,5,-0.61250623078079
"1592","GBR",2,1,4,5,-0.460846208800499
"1593","BGR",2,1,4,5,-0.35221871264922
"1594","MAR",2,1,4,5,-0.26131883435126
"1595","HRV",2,1,4,5,-0.246375543948055
"1596","ROU",2,1,4,5,-0.245034826973913
"1597","BIH",2,1,4,5,-0.245007029664111
"1598","AUT",2,1,4,5,-0.227859193100834
"1599","SRB",2,1,4,5,-0.197486127272267
"1600","NLD",2,1,4,5,-0.196284821815161
"1601","BEL",2,1,4,5,-0.0708314766231932
"1602","SVN",2,1,4,5,-0.0640794008299375
"1603","HUN",2,1,4,5,-0.0621313684194779
"1604","PRT",2,1,4,5,-0.0219378805423725
"1605","CHE",2,1,4,5,0.0184027542270698
"1606","DZA",2,1,4,5,0.338728478752737
"1607","DEU",2,1,4,5,0.486145026417692
"1608","ESP",2,1,4,5,0.647586968631496
"1609","FRA",2,1,4,5,1.37462162207978
"1610","ITA",2,1,4,5,3.6932274584024
"1611","TUR",2,1,5,1,-2.1702924383124
"1612","TUN",2,1,5,1,-1.04570265020984
"1613","LBY",2,1,5,1,-0.784774282853439
"1614","GRC",2,1,5,1,-0.732076959389647
"1615","GBR",2,1,5,1,-0.292140391273041
"1616","BIH",2,1,5,1,-0.266404675074355
"1617","MAR",2,1,5,1,-0.200120279654752
"1618","AUT",2,1,5,1,-0.164123103995035
"1619","NLD",2,1,5,1,-0.160352776126373
"1620","SRB",2,1,5,1,-0.152676212526341
"1621","BGR",2,1,5,1,-0.0989579649859351
"1622","ROU",2,1,5,1,-0.0744868273010157
"1623","BEL",2,1,5,1,-0.0545128382371977
"1624","HRV",2,1,5,1,-0.0537033974117626
"1625","HUN",2,1,5,1,0.00195050694918445
"1626","CHE",2,1,5,1,0.00711215737422758
"1627","PRT",2,1,5,1,0.0238115426188394
"1628","SVN",2,1,5,1,0.026294747674333
"1629","DZA",2,1,5,1,0.27539444434894
"1630","ESP",2,1,5,1,0.485858904404556
"1631","DEU",2,1,5,1,0.558931053096481
"1632","FRA",2,1,5,1,1.37195185042662
"1633","ITA",2,1,5,1,3.49901959045795
"1634","TUR",2,1,5,2,-2.21767480045894
"1635","TUN",2,1,5,2,-1.02920963675943
"1636","LBY",2,1,5,2,-0.809822131570582
"1637","GRC",2,1,5,2,-0.739398428734814
"1638","GBR",2,1,5,2,-0.307015987225863
"1639","BIH",2,1,5,2,-0.270296637503202
"1640","MAR",2,1,5,2,-0.197361277829483
"1641","NLD",2,1,5,2,-0.159955658587562
"1642","SRB",2,1,5,2,-0.157120859973262
"1643","AUT",2,1,5,2,-0.137474553730345
"1644","BGR",2,1,5,2,-0.0897944312257398
"1645","ROU",2,1,5,2,-0.0659908415990855
"1646","BEL",2,1,5,2,-0.0551242959480384
"1647","HRV",2,1,5,2,-0.0188338455122269
"1648","PRT",2,1,5,2,0.0151028870428127
"1649","CHE",2,1,5,2,0.0192759915715061
"1650","SVN",2,1,5,2,0.029481591780354
"1651","HUN",2,1,5,2,0.0328522527150592
"1652","DZA",2,1,5,2,0.285891508482976
"1653","ESP",2,1,5,2,0.472607355877503
"1654","DEU",2,1,5,2,0.575805458948973
"1655","FRA",2,1,5,2,1.35044473501468
"1656","ITA",2,1,5,2,3.4736116052247
"1657","TUR",2,1,5,3,-2.2273245048417
"1658","TUN",2,1,5,3,-1.04179973129805
"1659","LBY",2,1,5,3,-0.811170383030789
"1660","GRC",2,1,5,3,-0.746121223442396
"1661","GBR",2,1,5,3,-0.309677227457576
"1662","BIH",2,1,5,3,-0.272002434595687
"1663","MAR",2,1,5,3,-0.198888708896686
"1664","NLD",2,1,5,3,-0.16029134750499
"1665","SRB",2,1,5,3,-0.147607739925613
"1666","AUT",2,1,5,3,-0.138689867611503
"1667","BGR",2,1,5,3,-0.0901686506283069
"1668","ROU",2,1,5,3,-0.067178144126795
"1669","BEL",2,1,5,3,-0.0548751425244601
"1670","HRV",2,1,5,3,-0.0209983865052464
"1671","PRT",2,1,5,3,0.0113355511153901
"1672","CHE",2,1,5,3,0.0186987251245804
"1673","SVN",2,1,5,3,0.0296805981160203
"1674","HUN",2,1,5,3,0.0327779944060966
"1675","DZA",2,1,5,3,0.295674592291645
"1676","ESP",2,1,5,3,0.476113447556278
"1677","DEU",2,1,5,3,0.620060475362687
"1678","FRA",2,1,5,3,1.34909921828361
"1679","ITA",2,1,5,3,3.4533528901335
"1680","TUR",2,1,5,4,-2.13704588128852
"1681","TUN",2,1,5,4,-0.843005032667682
"1682","LBY",2,1,5,4,-0.812171689389552
"1683","GRC",2,1,5,4,-0.634978413816431
"1684","GBR",2,1,5,4,-0.446042339168829
"1685","BIH",2,1,5,4,-0.2638192540046
"1686","MAR",2,1,5,4,-0.228239379558064
"1687","AUT",2,1,5,4,-0.188596193510468
"1688","NLD",2,1,5,4,-0.18199549576043
"1689","SRB",2,1,5,4,-0.176641855977737
"1690","HRV",2,1,5,4,-0.151861224077366
"1691","BGR",2,1,5,4,-0.151421673632264
"1692","ROU",2,1,5,4,-0.145000859010646
"1693","BEL",2,1,5,4,-0.0639956167231757
"1694","SVN",2,1,5,4,-0.0242273280424307
"1695","PRT",2,1,5,4,-0.0148094806973485
"1696","HUN",2,1,5,4,-0.00656011081226663
"1697","CHE",2,1,5,4,0.0278632792591109
"1698","DZA",2,1,5,4,0.332665752209083
"1699","DEU",2,1,5,4,0.556509283370091
"1700","ESP",2,1,5,4,0.643637477658406
"1701","FRA",2,1,5,4,1.38742078639285
"1702","ITA",2,1,5,4,3.52231524924827
"1703","TUR",2,1,5,5,-1.77873460316863
"1704","GRC",2,1,5,5,-0.687866314405815
"1705","LBY",2,1,5,5,-0.58416367457801
"1706","TUN",2,1,5,5,-0.527836338806777
"1707","GBR",2,1,5,5,-0.42889490020306
"1708","BGR",2,1,5,5,-0.420094576386289
"1709","ROU",2,1,5,5,-0.3395337018606
"1710","HRV",2,1,5,5,-0.331785873879223
"1711","MAR",2,1,5,5,-0.306119467381694
"1712","BIH",2,1,5,5,-0.26615788974228
"1713","AUT",2,1,5,5,-0.256200898118087
"1714","SRB",2,1,5,5,-0.218858545174412
"1715","NLD",2,1,5,5,-0.216658258102311
"1716","HUN",2,1,5,5,-0.107373129669978
"1717","SVN",2,1,5,5,-0.100203920821836
"1718","BEL",2,1,5,5,-0.0801798607294957
"1719","PRT",2,1,5,5,-0.0472536857881067
"1720","CHE",2,1,5,5,0.00766979991463546
"1721","DZA",2,1,5,5,0.377274150555691
"1722","DEU",2,1,5,5,0.47604137908011
"1723","ESP",2,1,5,5,0.666045216123613
"1724","FRA",2,1,5,5,1.4408077908208
"1725","ITA",2,1,5,5,3.73007730232176
"1726","TUR",2,2,1,1,-2.44809421801248
"1727","TUN",2,2,1,1,-1.06629135747413
"1728","LBY",2,2,1,1,-0.901453642050251
"1729","GRC",2,2,1,1,-0.621505232486206
"1730","GBR",2,2,1,1,-0.43291423228724
"1731","BIH",2,2,1,1,-0.239496752331484
"1732","BGR",2,2,1,1,-0.204858366629429
"1733","MAR",2,2,1,1,-0.18738869655741
"1734","AUT",2,2,1,1,-0.151983413692024
"1735","NLD",2,2,1,1,-0.109521072201844
"1736","ROU",2,2,1,1,-0.0468287965566693
"1737","SRB",2,2,1,1,-0.0118287866176088
"1738","BEL",2,2,1,1,-0.00246567674780151
"1739","PRT",2,2,1,1,-0.000686883819426594
"1740","HRV",2,2,1,1,0.0364228341481805
"1741","SVN",2,2,1,1,0.0459738515035872
"1742","CHE",2,2,1,1,0.0611976944429711
"1743","HUN",2,2,1,1,0.0778172134239443
"1744","DZA",2,2,1,1,0.355365845205263
"1745","ESP",2,2,1,1,0.446453130478208
"1746","DEU",2,2,1,1,0.735041795919351
"1747","FRA",2,2,1,1,1.45548597492508
"1748","ITA",2,2,1,1,3.21155878741743
"1749","TUR",2,2,1,2,-2.2688747872128
"1750","TUN",2,2,1,2,-0.914177679110996
"1751","LBY",2,2,1,2,-0.830074547900586
"1752","GRC",2,2,1,2,-0.591158729537764
"1753","GBR",2,2,1,2,-0.450726183468854
"1754","BGR",2,2,1,2,-0.278523918257468
"1755","BIH",2,2,1,2,-0.243076305959125
"1756","MAR",2,2,1,2,-0.211390812799316
"1757","AUT",2,2,1,2,-0.183981439272546
"1758","HRV",2,2,1,2,-0.148585960101592
"1759","ROU",2,2,1,2,-0.139200971442922
"1760","NLD",2,2,1,2,-0.134012998481997
"1761","SRB",2,2,1,2,-0.124752203838857
"1762","BEL",2,2,1,2,-0.0178644610044425
"1763","PRT",2,2,1,2,0.00736748767953975
"1764","SVN",2,2,1,2,0.0132170426173717
"1765","HUN",2,2,1,2,0.0136249648296557
"1766","CHE",2,2,1,2,0.056131804529157
"1767","DZA",2,2,1,2,0.340394464474677
"1768","ESP",2,2,1,2,0.515678442429373
"1769","DEU",2,2,1,2,0.660752790984458
"1770","FRA",2,2,1,2,1.59463989367198
"1771","ITA",2,2,1,2,3.33459410717305
"1772","TUR",2,2,1,3,-2.28222686354164
"1773","TUN",2,2,1,3,-0.926790809767217
"1774","LBY",2,2,1,3,-0.836281784300406
"1775","GRC",2,2,1,3,-0.595383399502595
"1776","GBR",2,2,1,3,-0.448817061736582
"1777","BGR",2,2,1,3,-0.27570410599
"1778","BIH",2,2,1,3,-0.244544866118947
"1779","MAR",2,2,1,3,-0.210719406996665
"1780","AUT",2,2,1,3,-0.151057266785495
"1781","HRV",2,2,1,3,-0.143967055334535
"1782","ROU",2,2,1,3,-0.138732859255497
"1783","NLD",2,2,1,3,-0.133488873159979
"1784","SRB",2,2,1,3,-0.124563844730036
"1785","BEL",2,2,1,3,-0.0174280682114199
"1786","PRT",2,2,1,3,0.00723206620690833
"1787","SVN",2,2,1,3,0.0139039318070954
"1788","HUN",2,2,1,3,0.0172222556993551
"1789","CHE",2,2,1,3,0.0554041260195859
"1790","DZA",2,2,1,3,0.335789688036575
"1791","ESP",2,2,1,3,0.511766930937205
"1792","DEU",2,2,1,3,0.669206763847349
"1793","FRA",2,2,1,3,1.60072835494959
"1794","ITA",2,2,1,3,3.31845214792735
"1795","TUR",2,2,1,4,-2.28222686354165
"1796","TUN",2,2,1,4,-0.926790809767222
"1797","LBY",2,2,1,4,-0.836281784300405
"1798","GRC",2,2,1,4,-0.595383399502595
"1799","GBR",2,2,1,4,-0.448817061736583
"1800","BGR",2,2,1,4,-0.275704105989998
"1801","BIH",2,2,1,4,-0.244544866118946
"1802","MAR",2,2,1,4,-0.210719406996665
"1803","AUT",2,2,1,4,-0.151057266785494
"1804","HRV",2,2,1,4,-0.143967055334534
"1805","ROU",2,2,1,4,-0.138732859255495
"1806","NLD",2,2,1,4,-0.133488873159978
"1807","SRB",2,2,1,4,-0.124563844730036
"1808","BEL",2,2,1,4,-0.0174280682114189
"1809","PRT",2,2,1,4,0.0072320662069077
"1810","SVN",2,2,1,4,0.0139039318070968
"1811","HUN",2,2,1,4,0.0172222556993566
"1812","CHE",2,2,1,4,0.0554041260195874
"1813","DZA",2,2,1,4,0.335789688036577
"1814","ESP",2,2,1,4,0.511766930937203
"1815","DEU",2,2,1,4,0.669206763847353
"1816","FRA",2,2,1,4,1.6007283549496
"1817","ITA",2,2,1,4,3.31845214792734
"1818","TUR",2,2,1,5,-2.3951703799528
"1819","TUN",2,2,1,5,-0.941651650500666
"1820","LBY",2,2,1,5,-0.916950004709127
"1821","GRC",2,2,1,5,-0.548933265701831
"1822","GBR",2,2,1,5,-0.461224927180558
"1823","BGR",2,2,1,5,-0.263630410811391
"1824","BIH",2,2,1,5,-0.240896237069191
"1825","MAR",2,2,1,5,-0.209781216100442
"1826","AUT",2,2,1,5,-0.141531512199078
"1827","NLD",2,2,1,5,-0.131374556519433
"1828","SRB",2,2,1,5,-0.131137536709427
"1829","ROU",2,2,1,5,-0.127181908661312
"1830","HRV",2,2,1,5,-0.0790689752173897
"1831","BEL",2,2,1,5,-0.0133980809665461
"1832","PRT",2,2,1,5,0.00682496408356551
"1833","SVN",2,2,1,5,0.0197117557947525
"1834","HUN",2,2,1,5,0.0310254810543943
"1835","CHE",2,2,1,5,0.0693278028204161
"1836","DZA",2,2,1,5,0.340192493569258
"1837","ESP",2,2,1,5,0.59936175387722
"1838","DEU",2,2,1,5,0.705156321701574
"1839","FRA",2,2,1,5,1.66399797836142
"1840","ITA",2,2,1,5,3.16633211103659
"1841","TUR",2,2,2,1,-2.66287293500984
"1842","TUN",2,2,2,1,-1.2479156332854
"1843","LBY",2,2,2,1,-0.966125483969079
"1844","GRC",2,2,2,1,-0.663791552878794
"1845","GBR",2,2,2,1,-0.400949751244544
"1846","BIH",2,2,2,1,-0.270229520338591
"1847","MAR",2,2,2,1,-0.150704961512906
"1848","AUT",2,2,2,1,-0.100727422371849
"1849","NLD",2,2,2,1,-0.0824659522170032
"1850","PRT",2,2,2,1,0.00605000456690491
"1851","BEL",2,2,2,1,0.0115800486014039
"1852","SRB",2,2,2,1,0.0308424727760839
"1853","BGR",2,2,2,1,0.0309523156946398
"1854","CHE",2,2,2,1,0.0699581757906092
"1855","ROU",2,2,2,1,0.0702491249794703
"1856","SVN",2,2,2,1,0.0834769160298759
"1857","HUN",2,2,2,1,0.129992766746263
"1858","HRV",2,2,2,1,0.159081923228387
"1859","DZA",2,2,2,1,0.352330708093376
"1860","ESP",2,2,2,1,0.412757576529359
"1861","DEU",2,2,2,1,0.812849247957008
"1862","FRA",2,2,2,1,1.44122788530871
"1863","ITA",2,2,2,1,2.93443404652592
"1864","TUR",2,2,2,2,-2.23400947683521
"1865","TUN",2,2,2,2,-0.891055793213995
"1866","LBY",2,2,2,2,-0.811114838523303
"1867","GRC",2,2,2,2,-0.579215913894187
"1868","GBR",2,2,2,2,-0.458307781363508
"1869","BGR",2,2,2,2,-0.27490567552814
"1870","BIH",2,2,2,2,-0.239935346255447
"1871","MAR",2,2,2,2,-0.207564872181468
"1872","AUT",2,2,2,2,-0.193549535595357
"1873","HRV",2,2,2,2,-0.151459912938371
"1874","NLD",2,2,2,2,-0.134681484354759
"1875","ROU",2,2,2,2,-0.13071625240602
"1876","SRB",2,2,2,2,-0.12423243324665
"1877","BEL",2,2,2,2,-0.0197132870675398
"1878","HUN",2,2,2,2,0.00910122966606026
"1879","PRT",2,2,2,2,0.00950225323825966
"1880","SVN",2,2,2,2,0.0127518135561044
"1881","CHE",2,2,2,2,0.0495426249827046
"1882","DZA",2,2,2,2,0.348893968711305
"1883","ESP",2,2,2,2,0.516374848975582
"1884","DEU",2,2,2,2,0.632097706566262
"1885","FRA",2,2,2,2,1.42016681023163
"1886","ITA",2,2,2,2,3.45203134747605
"1887","TUR",2,2,2,3,-2.23400947683522
"1888","TUN",2,2,2,3,-0.891055793213999
"1889","LBY",2,2,2,3,-0.811114838523306
"1890","GRC",2,2,2,3,-0.579215913894188
"1891","GBR",2,2,2,3,-0.458307781363508
"1892","BGR",2,2,2,3,-0.274905675528138
"1893","BIH",2,2,2,3,-0.239935346255447
"1894","MAR",2,2,2,3,-0.207564872181466
"1895","AUT",2,2,2,3,-0.193549535595357
"1896","HRV",2,2,2,3,-0.151459912938368
"1897","NLD",2,2,2,3,-0.134681484354758
"1898","ROU",2,2,2,3,-0.130716252406017
"1899","SRB",2,2,2,3,-0.12423243324665
"1900","BEL",2,2,2,3,-0.019713287067539
"1901","HUN",2,2,2,3,0.00910122966606177
"1902","PRT",2,2,2,3,0.00950225323826033
"1903","SVN",2,2,2,3,0.0127518135561055
"1904","CHE",2,2,2,3,0.0495426249827055
"1905","DZA",2,2,2,3,0.348893968711306
"1906","ESP",2,2,2,3,0.516374848975582
"1907","DEU",2,2,2,3,0.632097706566266
"1908","FRA",2,2,2,3,1.42016681023163
"1909","ITA",2,2,2,3,3.45203134747604
"1910","TUR",2,2,2,4,-1.93461659603755
"1911","LBY",2,2,2,4,-0.736372416822847
"1912","TUN",2,2,2,4,-0.71292383301144
"1913","GRC",2,2,2,4,-0.632006899803401
"1914","GBR",2,2,2,4,-0.458327601026509
"1915","BGR",2,2,2,4,-0.353962451897401
"1916","MAR",2,2,2,4,-0.262493719037977
"1917","BIH",2,2,2,4,-0.250949282099219
"1918","ROU",2,2,2,4,-0.242332059498172
"1919","HRV",2,2,2,4,-0.240321518814177
"1920","AUT",2,2,2,4,-0.220664421099091
"1921","SRB",2,2,2,4,-0.199526631685406
"1922","NLD",2,2,2,4,-0.194713833885897
"1923","BEL",2,2,2,4,-0.0687693487636697
"1924","HUN",2,2,2,4,-0.0562237149436974
"1925","PRT",2,2,2,4,-0.0281800194429297
"1926","SVN",2,2,2,4,-0.0271995235223555
"1927","CHE",2,2,2,4,0.0212502302263338
"1928","DZA",2,2,2,4,0.326650080198641
"1929","DEU",2,2,2,4,0.515215638395668
"1930","ESP",2,2,2,4,0.620180462147797
"1931","FRA",2,2,2,4,1.53377890746521
"1932","ITA",2,2,2,4,3.60250855295809
"1933","TUR",2,2,2,5,-1.94694270871473
"1934","LBY",2,2,2,5,-0.739322950914629
"1935","TUN",2,2,2,5,-0.722894189782816
"1936","GRC",2,2,2,5,-0.638019263122356
"1937","GBR",2,2,2,5,-0.455704112679432
"1938","BGR",2,2,2,5,-0.351144144071325
"1939","MAR",2,2,2,5,-0.262711256843893
"1940","BIH",2,2,2,5,-0.252930958077129
"1941","ROU",2,2,2,5,-0.243351226811873
"1942","HRV",2,2,2,5,-0.238114585476537
"1943","SRB",2,2,2,5,-0.20017113711081
"1944","NLD",2,2,2,5,-0.195046394938532
"1945","AUT",2,2,2,5,-0.188571186709339
"1946","BEL",2,2,2,5,-0.0688605312619002
"1947","HUN",2,2,2,5,-0.0538392969287296
"1948","PRT",2,2,2,5,-0.0292214205356451
"1949","SVN",2,2,2,5,-0.0269385531316801
"1950","CHE",2,2,2,5,0.0200448179694315
"1951","DZA",2,2,2,5,0.322341109869312
"1952","DEU",2,2,2,5,0.523643575998201
"1953","ESP",2,2,2,5,0.616330307257425
"1954","FRA",2,2,2,5,1.53948732682264
"1955","ITA",2,2,2,5,3.59193677919435
"1956","TUR",2,2,3,1,-2.57641595525098
"1957","TUN",2,2,3,1,-1.20964498659942
"1958","LBY",2,2,3,1,-0.938318233053645
"1959","GRC",2,2,3,1,-0.662370460089075
"1960","GBR",2,2,3,1,-0.410185200204912
"1961","BIH",2,2,3,1,-0.270932443400673
"1962","MAR",2,2,3,1,-0.157706954593659
"1963","AUT",2,2,3,1,-0.115575022440756
"1964","NLD",2,2,3,1,-0.0890816428588406
"1965","PRT",2,2,3,1,0.000901872366074341
"1966","BEL",2,2,3,1,0.00649518187972945
"1967","BGR",2,2,3,1,0.00769276554990073
"1968","SRB",2,2,3,1,0.0193379552378786
"1969","ROU",2,2,3,1,0.0437239112836223
"1970","CHE",2,2,3,1,0.0589035087358096
"1971","SVN",2,2,3,1,0.0727013265512393
"1972","HUN",2,2,3,1,0.112505465076174
"1973","HRV",2,2,3,1,0.125202063170376
"1974","DZA",2,2,3,1,0.334233774002499
"1975","ESP",2,2,3,1,0.409011702017508
"1976","DEU",2,2,3,1,0.768655011472591
"1977","FRA",2,2,3,1,1.40230329272791
"1978","ITA",2,2,3,1,3.06856306842064
"1979","TUR",2,2,3,2,-2.27886710329146
"1980","TUN",2,2,3,2,-1.05599164661084
"1981","LBY",2,2,3,2,-0.831120672460484
"1982","GRC",2,2,3,2,-0.726604953872852
"1983","GBR",2,2,3,2,-0.415810295052156
"1984","BIH",2,2,3,2,-0.275211415170117
"1985","MAR",2,2,3,2,-0.195086087131277
"1986","NLD",2,2,3,2,-0.156004248911861
"1987","AUT",2,2,3,2,-0.145275560323963
"1988","BGR",2,2,3,2,-0.0754832186713452
"1989","SRB",2,2,3,2,-0.0661562846373875
"1990","BEL",2,2,3,2,-0.0503714097420408
"1991","ROU",2,2,3,2,-0.045022964548849
"1992","HRV",2,2,3,2,-0.0038863620779992
"1993","PRT",2,2,3,2,0.00195825712567313
"1994","CHE",2,2,3,2,0.0275060166191915
"1995","SVN",2,2,3,2,0.0377496789288398
"1996","HUN",2,2,3,2,0.0422832659375829
"1997","DZA",2,2,3,2,0.336310713332803
"1998","ESP",2,2,3,2,0.477588794535531
"1999","DEU",2,2,3,2,0.642081908844257
"2000","FRA",2,2,3,2,1.36239449067167
"2001","ITA",2,2,3,2,3.39301909650708
"2002","TUR",2,2,3,3,-1.95277518365782
"2003","LBY",2,2,3,3,-0.735267824917418
"2004","TUN",2,2,3,3,-0.703646587098554
"2005","GRC",2,2,3,3,-0.616951377043135
"2006","GBR",2,2,3,3,-0.466480243013172
"2007","BGR",2,2,3,3,-0.341854927654178
"2008","MAR",2,2,3,3,-0.256104841746205
"2009","BIH",2,2,3,3,-0.245769211818223
"2010","HRV",2,2,3,3,-0.228132391176273
"2011","AUT",2,2,3,3,-0.225409000624829
"2012","ROU",2,2,3,3,-0.221290527365447
"2013","SRB",2,2,3,3,-0.196760286926607
"2014","NLD",2,2,3,3,-0.194091462043722
"2015","BEL",2,2,3,3,-0.069127068055951
"2016","HUN",2,2,3,3,-0.0517942960925229
"2017","SVN",2,2,3,3,-0.0227380713607356
"2018","PRT",2,2,3,3,-0.0178472060157345
"2019","CHE",2,2,3,3,0.0206199819016075
"2020","DZA",2,2,3,3,0.343927028987571
"2021","DEU",2,2,3,3,0.502243829407052
"2022","ESP",2,2,3,3,0.641886613868211
"2023","FRA",2,2,3,3,1.37788257487765
"2024","ITA",2,2,3,3,3.65948047756843
"2025","TUR",2,2,3,4,-1.95049333420123
"2026","LBY",2,2,3,4,-0.734619852144387
"2027","TUN",2,2,3,4,-0.699698045113795
"2028","GRC",2,2,3,4,-0.617197133564257
"2029","GBR",2,2,3,4,-0.464965936038735
"2030","BGR",2,2,3,4,-0.342481214920437
"2031","MAR",2,2,3,4,-0.256564229180324
"2032","BIH",2,2,3,4,-0.245821785719059
"2033","HRV",2,2,3,4,-0.229391861449466
"2034","AUT",2,2,3,4,-0.225943368030474
"2035","ROU",2,2,3,4,-0.222388297385313
"2036","SRB",2,2,3,4,-0.197130623460524
"2037","NLD",2,2,3,4,-0.194402112900506
"2038","BEL",2,2,3,4,-0.0692926555289676
"2039","HUN",2,2,3,4,-0.0524372608187463
"2040","SVN",2,2,3,4,-0.0232821981311301
"2041","PRT",2,2,3,4,-0.019791249349706
"2042","CHE",2,2,3,4,0.0203425669773388
"2043","DZA",2,2,3,4,0.343838891698687
"2044","DEU",2,2,3,4,0.501017434949755
"2045","ESP",2,2,3,4,0.641623275121499
"2046","FRA",2,2,3,4,1.37719586460788
"2047","ITA",2,2,3,4,3.6618831245819
"2048","TUR",2,2,3,5,-1.85779135493678
"2049","GRC",2,2,3,5,-0.691898641478446
"2050","LBY",2,2,3,5,-0.608984307828297
"2051","TUN",2,2,3,5,-0.573846880856073
"2052","GBR",2,2,3,5,-0.431342214081302
"2053","BGR",2,2,3,5,-0.404434900690813
"2054","ROU",2,2,3,5,-0.305169702391407
"2055","HRV",2,2,3,5,-0.304338719530078
"2056","MAR",2,2,3,5,-0.297062333245122
"2057","BIH",2,2,3,5,-0.267344106364939
"2058","AUT",2,2,3,5,-0.252464156347604
"2059","SRB",2,2,3,5,-0.218783203673095
"2060","NLD",2,2,3,5,-0.214360025463574
"2061","HUN",2,2,3,5,-0.0897969949529279
"2062","BEL",2,2,3,5,-0.0780155016173685
"2063","PRT",2,2,3,5,-0.0526139368826444
"2064","SVN",2,2,3,5,-0.042087136806139
"2065","CHE",2,2,3,5,0.0115766510452574
"2066","DZA",2,2,3,5,0.386391043456221
"2067","DEU",2,2,3,5,0.50128916178826
"2068","ESP",2,2,3,5,0.658535317884286
"2069","FRA",2,2,3,5,1.44991456665474
"2070","ITA",2,2,3,5,3.68262737631785
"2071","TUR",2,2,4,1,-2.28669396237192
"2072","TUN",2,2,4,1,-1.12816468142313
"2073","LBY",2,2,4,1,-0.848476392641018
"2074","GRC",2,2,4,1,-0.774529228999177
"2075","GBR",2,2,4,1,-0.272140317018922
"2076","BIH",2,2,4,1,-0.272023611910965
"2077","MAR",2,2,4,1,-0.19677638149206
"2078","NLD",2,2,4,1,-0.152053860665231
"2079","AUT",2,2,4,1,-0.11229247435209
"2080","SRB",2,2,4,1,-0.0625014921611779
"2081","BGR",2,2,4,1,-0.0530948819887558
"2082","BEL",2,2,4,1,-0.0485015334641316
"2083","ROU",2,2,4,1,-0.0295518044150935
"2084","CHE",2,2,4,1,0.00353435883625493
"2085","HRV",2,2,4,1,0.0112978891536546
"2086","PRT",2,2,4,1,0.0186374847456385
"2087","SVN",2,2,4,1,0.0425392119064456
"2088","HUN",2,2,4,1,0.0820695464494817
"2089","DZA",2,2,4,1,0.262172651413911
"2090","ESP",2,2,4,1,0.456961775512574
"2091","DEU",2,2,4,1,0.602976113162018
"2092","FRA",2,2,4,1,1.38252219213899
"2093","ITA",2,2,4,1,3.3740893995847
"2094","TUR",2,2,4,2,-2.2255285386559
"2095","TUN",2,2,4,2,-0.964532031783705
"2096","LBY",2,2,4,2,-0.856542070259103
"2097","GRC",2,2,4,2,-0.662279137779134
"2098","GBR",2,2,4,2,-0.441296418766868
"2099","BIH",2,2,4,2,-0.269699417769928
"2100","MAR",2,2,4,2,-0.212445140213349
"2101","AUT",2,2,4,2,-0.173998273678531
"2102","NLD",2,2,4,2,-0.168380292557124
"2103","BGR",2,2,4,2,-0.106200366097597
"2104","ROU",2,2,4,2,-0.0867995737647532
"2105","SRB",2,2,4,2,-0.0854024659641421
"2106","BEL",2,2,4,2,-0.055866546417204
"2107","HRV",2,2,4,2,-0.0478581231690136
"2108","PRT",2,2,4,2,-0.0150114859221457
"2109","HUN",2,2,4,2,0.0168942501902712
"2110","SVN",2,2,4,2,0.0201204564018958
"2111","CHE",2,2,4,2,0.024630573570289
"2112","DZA",2,2,4,2,0.317772625799101
"2113","DEU",2,2,4,2,0.591257902057687
"2114","ESP",2,2,4,2,0.591611046278723
"2115","FRA",2,2,4,2,1.362262004962
"2116","ITA",2,2,4,2,3.44729102353853
"2117","TUR",2,2,4,3,-2.27673831309418
"2118","TUN",2,2,4,3,-0.956219291571374
"2119","LBY",2,2,4,3,-0.86173136866162
"2120","GRC",2,2,4,3,-0.667970899200282
"2121","GBR",2,2,4,3,-0.442098407493052
"2122","BIH",2,2,4,3,-0.270435820779266
"2123","MAR",2,2,4,3,-0.21330211898747
"2124","NLD",2,2,4,3,-0.170065273345961
"2125","SRB",2,2,4,3,-0.167946266832563
"2126","AUT",2,2,4,3,-0.158527302195113
"2127","BGR",2,2,4,3,-0.103198008021071
"2128","ROU",2,2,4,3,-0.0797834459928889
"2129","BEL",2,2,4,3,-0.0575798340980402
"2130","HRV",2,2,4,3,-0.026845146053382
"2131","PRT",2,2,4,3,-0.00233854734676963
"2132","SVN",2,2,4,3,0.0260030220834911
"2133","HUN",2,2,4,3,0.0268818083151251
"2134","CHE",2,2,4,3,0.0351214362118348
"2135","DZA",2,2,4,3,0.34023630649149
"2136","ESP",2,2,4,3,0.615515618052443
"2137","DEU",2,2,4,3,0.620648255478796
"2138","FRA",2,2,4,3,1.41039121318472
"2139","ITA",2,2,4,3,3.37998238385514
"2140","TUR",2,2,4,4,-1.86904143848114
"2141","GRC",2,2,4,4,-0.691609593373036
"2142","LBY",2,2,4,4,-0.612740425094892
"2143","TUN",2,2,4,4,-0.589392901311518
"2144","GBR",2,2,4,4,-0.435979349262046
"2145","BGR",2,2,4,4,-0.402097489215524
"2146","ROU",2,2,4,4,-0.30098606210771
"2147","HRV",2,2,4,4,-0.299516954870333
"2148","MAR",2,2,4,4,-0.295372028876155
"2149","BIH",2,2,4,4,-0.267246742191698
"2150","AUT",2,2,4,4,-0.250462654498947
"2151","SRB",2,2,4,4,-0.217479479718311
"2152","NLD",2,2,4,4,-0.213229085939161
"2153","HUN",2,2,4,4,-0.0872554181715574
"2154","BEL",2,2,4,4,-0.0773979281543451
"2155","PRT",2,2,4,4,-0.0409747274187077
"2156","SVN",2,2,4,4,-0.0398937366765234
"2157","CHE",2,2,4,4,0.0126359135474296
"2158","DZA",2,2,4,4,0.38585524934267
"2159","DEU",2,2,4,4,0.506533011298325
"2160","ESP",2,2,4,4,0.659575403078048
"2161","FRA",2,2,4,4,1.45320995933654
"2162","ITA",2,2,4,4,3.6728664787586
"2163","TUR",2,2,4,5,-1.85779135493678
"2164","GRC",2,2,4,5,-0.691898641478446
"2165","LBY",2,2,4,5,-0.608984307828297
"2166","TUN",2,2,4,5,-0.573846880856073
"2167","GBR",2,2,4,5,-0.431342214081302
"2168","BGR",2,2,4,5,-0.404434900690813
"2169","ROU",2,2,4,5,-0.305169702391407
"2170","HRV",2,2,4,5,-0.304338719530078
"2171","MAR",2,2,4,5,-0.297062333245122
"2172","BIH",2,2,4,5,-0.267344106364939
"2173","AUT",2,2,4,5,-0.252464156347604
"2174","SRB",2,2,4,5,-0.218783203673095
"2175","NLD",2,2,4,5,-0.214360025463574
"2176","HUN",2,2,4,5,-0.0897969949529279
"2177","BEL",2,2,4,5,-0.0780155016173685
"2178","PRT",2,2,4,5,-0.0526139368826444
"2179","SVN",2,2,4,5,-0.042087136806139
"2180","CHE",2,2,4,5,0.0115766510452574
"2181","DZA",2,2,4,5,0.386391043456221
"2182","DEU",2,2,4,5,0.50128916178826
"2183","ESP",2,2,4,5,0.658535317884286
"2184","FRA",2,2,4,5,1.44991456665474
"2185","ITA",2,2,4,5,3.68262737631785
"2186","TUR",2,2,5,1,-2.25818058128218
"2187","TUN",2,2,5,1,-1.11034734351243
"2188","LBY",2,2,5,1,-1.01321882876668
"2189","GRC",2,2,5,1,-0.735569861048549
"2190","BIH",2,2,5,1,-0.247961548657518
"2191","GBR",2,2,5,1,-0.240226225907306
"2192","MAR",2,2,5,1,-0.191140830839036
"2193","NLD",2,2,5,1,-0.146989420309109
"2194","AUT",2,2,5,1,-0.0992596066182399
"2195","SRB",2,2,5,1,-0.058493003324148
"2196","BEL",2,2,5,1,-0.0466355689359132
"2197","BGR",2,2,5,1,-0.0343947827843584
"2198","ROU",2,2,5,1,-0.0175832024711733
"2199","CHE",2,2,5,1,-0.000148392207443488
"2200","SVN",2,2,5,1,0.035323672255627
"2201","HRV",2,2,5,1,0.0373862291508713
"2202","PRT",2,2,5,1,0.039146227284184
"2203","HUN",2,2,5,1,0.083313643935839
"2204","DZA",2,2,5,1,0.108374607439228
"2205","DEU",2,2,5,1,0.572864213848589
"2206","ESP",2,2,5,1,0.588569822424973
"2207","FRA",2,2,5,1,1.36822923805962
"2208","ITA",2,2,5,1,3.36694154226516
"2209","TUR",2,2,5,2,-2.32765125222416
"2210","TUN",2,2,5,2,-1.08239240062465
"2211","LBY",2,2,5,2,-0.909634980910685
"2212","GRC",2,2,5,2,-0.68730600729171
"2213","GBR",2,2,5,2,-0.29315896141181
"2214","BIH",2,2,5,2,-0.265267370273043
"2215","MAR",2,2,5,2,-0.193109242327471
"2216","NLD",2,2,5,2,-0.159918138407617
"2217","AUT",2,2,5,2,-0.133485386654394
"2218","SRB",2,2,5,2,-0.0742662216336707
"2219","BGR",2,2,5,2,-0.0611670534432378
"2220","BEL",2,2,5,2,-0.0512226995539805
"2221","ROU",2,2,5,2,-0.0427849636727162
"2222","PRT",2,2,5,2,0.00931711337768556
"2223","HRV",2,2,5,2,0.0101701956746969
"2224","CHE",2,2,5,2,0.0112769911882694
"2225","SVN",2,2,5,2,0.0344387035550838
"2226","HUN",2,2,5,2,0.0501485999706749
"2227","DZA",2,2,5,2,0.258631046277337
"2228","ESP",2,2,5,2,0.578990634310247
"2229","DEU",2,2,5,2,0.583132732404196
"2230","FRA",2,2,5,2,1.40955733361275
"2231","ITA",2,2,5,2,3.3357013280582
"2232","TUR",2,2,5,3,-2.32765125222416
"2233","TUN",2,2,5,3,-1.08239240062465
"2234","LBY",2,2,5,3,-0.909634980910689
"2235","GRC",2,2,5,3,-0.687306007291713
"2236","GBR",2,2,5,3,-0.293158961411807
"2237","BIH",2,2,5,3,-0.265267370273043
"2238","MAR",2,2,5,3,-0.193109242327469
"2239","NLD",2,2,5,3,-0.159918138407616
"2240","AUT",2,2,5,3,-0.133485386654392
"2241","SRB",2,2,5,3,-0.0742662216336702
"2242","BGR",2,2,5,3,-0.0611670534432351
"2243","BEL",2,2,5,3,-0.0512226995539804
"2244","ROU",2,2,5,3,-0.0427849636727137
"2245","PRT",2,2,5,3,0.00931711337768607
"2246","HRV",2,2,5,3,0.0101701956746989
"2247","CHE",2,2,5,3,0.0112769911882696
"2248","SVN",2,2,5,3,0.0344387035550844
"2249","HUN",2,2,5,3,0.0501485999706765
"2250","DZA",2,2,5,3,0.258631046277337
"2251","ESP",2,2,5,3,0.578990634310245
"2252","DEU",2,2,5,3,0.583132732404199
"2253","FRA",2,2,5,3,1.40955733361275
"2254","ITA",2,2,5,3,3.33570132805819
"2255","TUR",2,2,5,4,-2.12480482589179
"2256","TUN",2,2,5,4,-0.811878402194014
"2257","GRC",2,2,5,4,-0.731499904917819
"2258","LBY",2,2,5,4,-0.729916214784792
"2259","GBR",2,2,5,4,-0.300301283315293
"2260","BIH",2,2,5,4,-0.279558404938275
"2261","MAR",2,2,5,4,-0.25574192948537
"2262","AUT",2,2,5,4,-0.196984257244142
"2263","SRB",2,2,5,4,-0.196950104704298
"2264","NLD",2,2,5,4,-0.195395280885681
"2265","HRV",2,2,5,4,-0.194375777918682
"2266","ROU",2,2,5,4,-0.182430649773936
"2267","BGR",2,2,5,4,-0.17454071253316
"2268","BEL",2,2,5,4,-0.0697123077072757
"2269","HUN",2,2,5,4,-0.0248207429068109
"2270","PRT",2,2,5,4,-0.0226482430832687
"2271","SVN",2,2,5,4,-0.00565344415931317
"2272","CHE",2,2,5,4,0.0176126851534831
"2273","DZA",2,2,5,4,0.32982783516252
"2274","DEU",2,2,5,4,0.540170926947771
"2275","ESP",2,2,5,4,0.634777805556326
"2276","FRA",2,2,5,4,1.45715105795894
"2277","ITA",2,2,5,4,3.51767217566488
"2278","TUR",2,2,5,5,-1.6155671313119
"2279","GRC",2,2,5,5,-0.658527980172607
"2280","GBR",2,2,5,5,-0.532659895710737
"2281","LBY",2,2,5,5,-0.513101889284095
"2282","BGR",2,2,5,5,-0.435831719293043
"2283","TUN",2,2,5,5,-0.417048889285456
"2284","HRV",2,2,5,5,-0.364514534598539
"2285","ROU",2,2,5,5,-0.356178110478401
"2286","MAR",2,2,5,5,-0.313747123419886
"2287","AUT",2,2,5,5,-0.29405086166552
"2288","BIH",2,2,5,5,-0.256670256419851
"2289","SRB",2,2,5,5,-0.228658484718778
"2290","NLD",2,2,5,5,-0.219567918237634
"2291","HUN",2,2,5,5,-0.145371821247494
"2292","SVN",2,2,5,5,-0.116463327262432
"2293","BEL",2,2,5,5,-0.0840849569827636
"2294","PRT",2,2,5,5,-0.0579610517013133
"2295","CHE",2,2,5,5,-0.0145986997728622
"2296","DEU",2,2,5,5,0.295436406060213
"2297","DZA",2,2,5,5,0.377057522138646
"2298","ESP",2,2,5,5,0.803463534677338
"2299","FRA",2,2,5,5,1.29765583767195
"2300","ITA",2,2,5,5,3.85099135101516
