"","intersection_ID","country","province","prop_intersection_area","province_rural_pop_min","province_rural_pop_max","intersection_rural_pop_min","intersection_rural_pop_max","intersection_urban_pop","intersection_tot_pop_min","intersection_tot_pop_max"
"1","1_GRC_Achaia","GRC","Achaia",1,161800.488754113,240545.329354262,161800.488754113,240545.329354262,755430,917230.488754113,995975.329354262
"2","2_EGY_Aegyptus","EGY","Aegyptus",0.99549088027038,4013794,5013794,3995695.32228397,4991186.20255435,986206,4981901.32228397,5977392.20255435
"3","3_SDN_Aegyptus","SDN","Aegyptus",3.98652102872326e-05,4013794,5013794,160.010741859632,199.875952146865,0,160.010741859632,199.875952146865
"4","4_NA_Aegyptus",NA,"Aegyptus",0.00446925451933244,4013794,5013794,17938.6669741694,22407.9214935019,0,17938.6669741694,22407.9214935019
"5","5_ITA_Aemilia_(Regio_VIII)","ITA","Aemilia (Regio VIII)",1,727733.410942178,805095.211970444,727733.410942178,805095.211970444,80819,808552.410942178,885914.211970444
"6","6_DZA_Africa_Proconsularis","DZA","Africa Proconsularis",0.000422255147393506,1729053.16426938,2016421.85615037,730.101598729774,851.444508076261,0,730.101598729774,851.444508076261
"7","7_TUN_Africa_Proconsularis","TUN","Africa Proconsularis",0.347744715389798,1729053.16426938,2016421.85615037,601269.100502684,701200.044472778,414777,1016046.10050268,1115977.04447278
"8","8_LBY_Africa_Proconsularis","LBY","Africa Proconsularis",0.651833029462809,1729053.16426938,2016421.85615037,1127053.96216797,1314370.36716952,168768,1295821.96216797,1483138.36716952
"9","9_FRA_Alpes_Cottiae","FRA","Alpes Cottiae",0.539187879979716,100120.71996634,138388.582875093,53983.8787406939,74617.4466138184,0,53983.8787406939,74617.4466138184
"10","10_ITA_Alpes_Cottiae","ITA","Alpes Cottiae",0.460812120020284,100120.71996634,138388.582875093,46136.8412256465,63771.1362612742,1000,47136.8412256465,64771.1362612742
"11","11_CHE_Alpes_Graiae","CHE","Alpes Graiae",0.0191687738001829,36634.4339742767,50636.7453593593,702.237178150644,970.644317771017,0,702.237178150644,970.644317771017
"12","12_FRA_Alpes_Graiae","FRA","Alpes Graiae",0.597223023564501,36634.4339742767,50636.7453593593,21878.9274246916,30241.4301669822,0,21878.9274246916,30241.4301669822
"13","13_ITA_Alpes_Graiae","ITA","Alpes Graiae",0.383608202635316,36634.4339742767,50636.7453593593,14053.2693714344,19424.670874606,0,14053.2693714344,19424.670874606
"14","14_FRA_Alpes_Maritimae","FRA","Alpes Maritimae",0.826959181669715,67669.3669343301,93533.764012533,55959.8043041213,77348.6049462926,1989,57948.8043041213,79337.6049462926
"15","15_ITA_Alpes_Maritimae","ITA","Alpes Maritimae",0.171618730182322,67669.3669343301,93533.764012533,11613.3308255113,16052.1458090039,2601,14214.3308255113,18653.1458090039
"16","16_MCO_Alpes_Maritimae","MCO","Alpes Maritimae",0.00142208814796242,67669.3669343301,93533.764012533,96.2318046974311,133.013257236537,0,96.2318046974311,133.013257236537
"17","17_CHE_Alpes_Poeninae","CHE","Alpes Poeninae",0.940411019343117,38670.737256556,53451.3588143292,36366.3874421877,50266.246827858,2601,38967.3874421877,52867.246827858
"18","18_FRA_Alpes_Poeninae","FRA","Alpes Poeninae",0.0595889806568826,38670.737256556,53451.3588143292,2304.34981436831,3185.11198647115,0,2304.34981436831,3185.11198647115
"19","19_ITA_Apulia_et_Calabria_(Regio_II)","ITA","Apulia et Calabria (Regio II)",1,836032.632397507,924907.197160087,836032.632397507,924907.197160087,127297,963329.632397507,1052204.19716009
"20","20_FRA_Aquitania","FRA","Aquitania",0.992919219363976,1752481.8553283,2422310.59220039,1740072.9157421,2405158.7422647,247040,1987112.9157421,2652198.7422647
"21","21_ESP_Aquitania","ESP","Aquitania",0.00708078063602455,1752481.8553283,2422310.59220039,12408.939586193,17151.8499356897,0,12408.939586193,17151.8499356897
"22","22_SYR_Arabia","SYR","Arabia",0.0735608789685197,1514433.24497968,1880220.08727517,111403.040639853,138310.642274228,29001,140404.040639853,167311.642274228
"23","23_EGY_Arabia","EGY","Arabia",0.553838469519021,1514433.24497968,1880220.08727517,838751.390588269,1041338.2154954,0,838751.390588269,1041338.2154954
"24","24_JOR_Arabia","JOR","Arabia",0.256999669819655,1514433.24497968,1880220.08727517,389208.843923685,483215.941618,73763,462971.843923685,556978.941617999
"25","25_PSE_Arabia","PSE","Arabia",0.000157037391708165,1514433.24497968,1880220.08727517,237.822646707741,295.26485834299,0,237.822646707741,295.26485834299
"26","26_ISR_Arabia","ISR","Arabia",0.115443944301096,1514433.24497968,1880220.08727517,174832.147181162,217060.023029196,5837,180669.147181162,222897.023029196
"27","27_TUR_Asia","TUR","Asia",0.999998967409954,1743479.13974919,1968901.40456595,1743477.33944999,1968899.37149796,814457,2557934.33944999,2783356.37149796
"28","28_GRC_Asia","GRC","Asia",1.03259004597009e-06,1743479.13974919,1968901.40456595,1.80029920506151,2.03306799185133,76776,76777.8002992051,76778.0330679919
"29","29_PRT_Baetica","PRT","Baetica",0.0188398264351863,887916.457007191,1154794.57946534,16728.191938961,21756.1294454209,0,16728.191938961,21756.1294454209
"30","30_ESP_Baetica","ESP","Baetica",0.981082189065882,887916.457007191,1154794.57946534,871119.021348237,1132948.39394327,157061,1028180.02134824,1290009.39394327
"31","31_GIB_Baetica","GIB","Baetica",7.7984498931625e-05,887916.457007191,1154794.57946534,69.2437199928495,90.0560766485609,0,69.2437199928495,90.0560766485609
"32","32_LUX_Belgica","LUX","Belgica",0.022711599414409,929688.875559349,1285031.96987247,21114.7213217362,29185.1313344524,0,21114.7213217362,29185.1313344524
"33","33_FRA_Belgica","FRA","Belgica",0.734420331707179,929688.875559349,1285031.96987247,682782.412372771,943753.60556807,118866,801648.412372771,1062619.60556807
"34","34_DEU_Belgica","DEU","Belgica",0.101002198979656,929688.875559349,1285031.96987247,93900.6207984176,129791.054716278,29210,123110.620798418,159001.054716278
"35","35_BEL_Belgica","BEL","Belgica",0.134109765383662,929688.875559349,1285031.96987247,124680.356981065,172335.335990102,0,124680.356981065,172335.335990102
"36","36_NLD_Belgica","NLD","Belgica",0.00775610451509515,929688.875559349,1285031.96987247,7210.7640853596,9966.84226356949,0,7210.7640853596,9966.84226356949
"37","37_TUR_Bithynia_et_Pontus","TUR","Bithynia et Pontus",1,955218.052082327,1078722.49316513,955218.052082327,1078722.49316513,99866,1055084.05208233,1178588.49316513
"38","38_GBR_Britannia","GBR","Britannia",1,1314902,1814902,1314902,1814902,185098,1500000,2e+06
"39","39_ITA_Bruttium_et_Lucania_(Regio_III)","ITA","Bruttium et Lucania (Regio III)",1,817893.3211571,904839.583926297,817893.3211571,904839.583926297,65522,883415.3211571,970361.583926297
"40","40_TUR_Cappadocia","TUR","Cappadocia",1,2524328.11501576,2850709.8581947,2524328.11501576,2850709.8581947,16881,2541209.11501576,2867590.8581947
"41","41_TUR_Cilicia","TUR","Cilicia",1,582505.293833719,657820.024942366,582505.293833719,657820.024942366,94258,676763.293833719,752078.024942366
"42","42_FRA_Corsica","FRA","Corsica",1,272142.471115187,301072.61419395,272142.471115187,301072.61419395,2000,274142.471115187,303072.61419395
"43","43_GRC_Creta","GRC","Creta",1,34296.5935296349,50988.0127670848,34296.5935296349,50988.0127670848,100581,134877.593529635,151569.012767085
"44","44_CYP_Cyprus","CYP","Cyprus",1,158122.236178641,196314.103440022,158122.236178641,196314.103440022,54269,212391.236178641,250583.103440022
"45","45_EGY_Cyrene","EGY","Cyrene",0.20219845799857,2188128.44114675,2551795.45890768,442436.196702687,515969.106918885,0,442436.196702687,515969.106918885
"46","46_LBY_Cyrene","LBY","Cyrene",0.79780154200143,2188128.44114675,2551795.45890768,1745692.24444407,2035826.35198879,116774,1862466.24444407,2152600.35198879
"47","47_SRB_Dacia","SRB","Dacia",0.0852102802712237,1045980.95698434,1271975.74798706,89128.3305029983,108385.409984177,0,89128.3305029983,108385.409984177
"48","48_BGR_Dacia","BGR","Dacia",0.000839557888948848,1045980.95698434,1271975.74798706,878.161564126468,1067.89727377415,0,878.161564126468,1067.89727377415
"49","49_HUN_Dacia","HUN","Dacia",0.00322159048675117,1045980.95698434,1271975.74798706,3369.72230034364,4097.78496909333,0,3369.72230034364,4097.78496909333
"50","50_ROU_Dacia","ROU","Dacia",0.910728571353076,1045980.95698434,1271975.74798706,952604.742616871,1158424.65576002,72425,1025029.74261687,1230849.65576002
"51","51_SRB_Dalmatia","SRB","Dalmatia",0.143051072005685,876997.607515997,1066481.83253658,125455.447901585,152561.369418946,1000,126455.447901585,153561.369418946
"52","52_SVN_Dalmatia","SVN","Dalmatia",2.19978674100108e-05,876997.607515997,1066481.83253658,19.2920770890336,23.460325947325,0,19.2920770890336,23.460325947325
"53","53_BIH_Dalmatia","BIH","Dalmatia",0.433332348437908,876997.607515997,1066481.83253658,380031.432839333,462141.07705944,12000,392031.432839333,474141.07705944
"54","54_MNE_Dalmatia","MNE","Dalmatia",0.150933726705613,876997.607515997,1066481.83253658,132368.517214296,160968.077448578,8086,140454.517214296,169054.077448578
"55","55_HRV_Dalmatia","HRV","Dalmatia",0.200975834363035,876997.607515997,1066481.83253658,176255.325904913,214337.076127058,74277,250532.325904913,288614.076127058
"56","56_ALB_Dalmatia","ALB","Dalmatia",0.0716850206203487,876997.607515997,1066481.83253658,62867.5915787807,76450.7721566121,6684,69551.5915787807,83134.7721566121
"57","57_GRC_Epirus","GRC","Epirus",0.713428432163945,100247.186169008,149035.349642905,71519.1928574025,106326.055832743,103404,174923.192857402,209730.055832743
"58","58_ALB_Epirus","ALB","Epirus",0.286571567836055,100247.186169008,149035.349642905,28727.9933116055,42709.2938101618,26096,54823.9933116055,68805.2938101618
"59","59_ITA_Etruria_(Regio_VII)","ITA","Etruria (Regio VII)",1,918012.555633676,1015602.00748863,918012.555633676,1015602.00748863,167546,1085558.55563368,1183148.00748863
"60","60_TUR_Galatia","TUR","Galatia",1,1569707.67599863,1772662.24617763,1569707.67599863,1772662.24617763,56700,1626407.67599863,1829362.24617763
"61","61_LUX_Germania_Inferior","LUX","Germania Inferior",0.0126458914236142,440251.523077917,608523.234829281,5567.37295992411,7695.31875639756,0,5567.37295992411,7695.31875639756
"62","62_FRA_Germania_Inferior","FRA","Germania Inferior",0.003705613734161,440251.523077917,608523.234829281,1631.40209040283,2254.95205653946,0,1631.40209040283,2254.95205653946
"63","63_DEU_Germania_Inferior","DEU","Germania Inferior",0.225848802583086,440251.523077917,608523.234829281,99430.2793225275,137434.243930179,27987,127417.279322527,165421.243930179
"64","64_BEL_Germania_Inferior","BEL","Germania Inferior",0.439529315135715,440251.523077917,608523.234829281,193503.450425892,267463.800648684,26781,220284.450425892,294244.800648684
"65","65_NLD_Germania_Inferior","NLD","Germania Inferior",0.318270377123423,440251.523077917,608523.234829281,140119.01827917,193674.919437481,5837,145956.01827917,199511.919437481
"66","66_CHE_Germania_Superior","CHE","Germania Superior",0.235229141123346,1013001.72583026,1400188.4258803,238287.525923519,329365.120830673,14390,252677.525923519,343755.120830673
"67","67_FRA_Germania_Superior","FRA","Germania Superior",0.372006060655829,1013001.72583026,1400188.4258803,376842.781463672,520878.580487618,41068,417910.781463672,561946.580487618
"68","68_DEU_Germania_Superior","DEU","Germania Superior",0.392764798220825,1013001.72583026,1400188.4258803,397871.418443069,549944.724562011,37060,434931.418443069,587004.724562011
"69","69_PRT_Hispania_Citerior","PRT","Hispania Citerior",0.0456875531858055,4391588.07145149,5711553.2211785,200640.913584589,260946.891566151,4762,205402.913584589,265708.891566151
"70","70_FRA_Hispania_Citerior","FRA","Hispania Citerior",0.00559100260023408,4391588.07145149,5711553.2211785,24553.3803266423,31933.3089109843,0,24553.3803266423,31933.3089109843
"71","71_AND_Hispania_Citerior","AND","Hispania Citerior",0.00131919050384038,4391588.07145149,5711553.2211785,5793.3412806375,7534.62677155761,0,5793.3412806375,7534.62677155761
"72","72_ESP_Hispania_Citerior","ESP","Hispania Citerior",0.94740225371012,4391588.07145149,5711553.2211785,4160600.43625963,5411138.3939298,127185,4287785.43625963,5538323.3939298
"73","73_SYR_Iudaea","SYR","Iudaea",0.007486355782214,300092.76385417,372575.314570636,2246.60119788025,2789.23136054608,0,2246.60119788025,2789.23136054608
"74","74_PSE_Iudaea","PSE","Iudaea",0.334859735906348,300092.76385417,372575.314570636,100488.983651614,124760.471442348,88629,189117.983651614,213389.471442348
"75","75_EGY_Iudaea","EGY","Iudaea",0.000590575182261522,300092.76385417,372575.314570636,177.22733870854,220.033734308698,0,177.22733870854,220.033734308698
"76","76_JOR_Iudaea","JOR","Iudaea",0.111017494242854,300092.76385417,372575.314570636,33315.5466835025,41362.3778403752,1000,34315.5466835025,42362.3778403752
"77","77_PSE_Iudaea","PSE","Iudaea",0.0200603435772492,300092.76385417,372575.314570636,6019.96394796096,7473.98881868867,21921,27940.963947961,29394.9888186887
"78","78_ISR_Iudaea","ISR","Iudaea",0.525985495309073,300092.76385417,372575.314570636,157844.441034504,195969.21137437,94587,252431.441034504,290556.21137437
"79","79_VAT_Latium_et_Campania_(Regio_I)","VAT","Latium et Campania (Regio I)",2.77189040705778e-05,565907.658915629,626066.550964742,15.6863401102876,17.3538786679892,0,15.6863401102876,17.3538786679892
"80","80_ITA_Latium_et_Campania_(Regio_I)","ITA","Latium et Campania (Regio I)",0.999972281095929,565907.658915629,626066.550964742,565891.972575519,626049.197086074,1384701,1950592.97257552,2010750.19708607
"81","81_FRA_Liguria_(Regio_IX)","FRA","Liguria (Regio IX)",0.0114959377959096,429646.375603354,475319.993060205,4939.18800817415,5464.24907337227,0,4939.18800817415,5464.24907337227
"82","82_ITA_Liguria_(Regio_IX)","ITA","Liguria (Regio IX)",0.98850406220409,429646.375603354,475319.993060205,424707.18759518,469855.743986832,30599,455306.18759518,500454.743986832
"83","83_FRA_Lugdunensis","FRA","Lugdunensis",1,1643627.89978443,2271850.78075349,1643627.89978443,2271850.78075349,355110,1998737.89978443,2626960.78075349
"84","84_PRT_Lusitania","PRT","Lusitania",0.5772335491236,1374592.47154132,1787749.19935617,793460.890946375,1031948.81528724,29587,823047.890946375,1061535.81528724
"85","85_ESP_Lusitania","ESP","Lusitania",0.4227664508764,1374592.47154132,1787749.19935617,581131.580594941,755800.384068933,27308,608439.580594941,783108.384068933
"86","86_TUR_Lycia_et_Pamphylia","TUR","Lycia et Pamphylia",1,359042.72332037,405464.972954223,359042.72332037,405464.972954223,103491,462533.72332037,508955.972954223
"87","87_SRB_Macedonia","SRB","Macedonia",0.00230530874212794,335060.236300203,498126.893898524,772.417291882313,1148.3362831933,0,772.417291882313,1148.3362831933
"88","88_BGR_Macedonia","BGR","Macedonia",0.0236837263069262,335060.236300203,498126.893898524,7935.47493286804,11797.5010212119,0,7935.47493286804,11797.5010212119
"89","89_GRC_Macedonia","GRC","Macedonia",0.538380850588934,335060.236300203,498126.893898524,180390.015017833,268181.980838311,304049,484439.015017833,572230.980838311
"90","90_MKD_Macedonia","MKD","Macedonia",0.24660024028854,335060.236300203,498126.893898524,82625.9347827653,122838.21172956,4320,86945.9347827653,127158.21172956
"91","91_ALB_Macedonia","ALB","Macedonia",0.189029874073471,335060.236300203,498126.893898524,63336.394274855,94160.8640262474,19364,82700.394274855,113524.864026247
"92","92_MAR_Mauretania_Caesariensis","MAR","Mauretania Caesariensis",0.0671008493127342,1167151.53128717,1361132.15357453,78316.8590260276,91333.1235317217,0,78316.8590260276,91333.1235317217
"93","93_DZA_Mauretania_Caesariensis","DZA","Mauretania Caesariensis",0.932899150687266,1167151.53128717,1361132.15357453,1088834.67226114,1269799.0300428,111598,1200432.67226114,1381397.0300428
"94","94_MAR_Mauretania_Tingitana","MAR","Mauretania Tingitana",0.999216835083378,293548.334685676,342336.077414288,293318.437928617,342067.971808763,15344,308662.437928617,357411.971808763
"95","95_ESP_Mauretania_Tingitana","ESP","Mauretania Tingitana",0.000783164916622194,293548.334685676,342336.077414288,229.896757058691,268.10560552493,1000,1229.89675705869,1268.10560552493
"96","96_SRB_Moesia_Inferior","SRB","Moesia Inferior",0.0021394220393721,616018.440396234,749115.470281507,1317.92342804333,1602.67414715485,0,1317.92342804333,1602.67414715485
"97","97_BGR_Moesia_Inferior","BGR","Moesia Inferior",0.763122382981692,616018.440396234,749115.470281507,470097.46019584,571666.782809675,21771,491868.46019584,593437.782809675
"98","98_UKR_Moesia_Inferior","UKR","Moesia Inferior",0.00271728303781868,616018.440396234,749115.470281507,1673.89645907221,2035.5587607635,0,1673.89645907221,2035.5587607635
"99","99_ROU_Moesia_Inferior","ROU","Moesia Inferior",0.232020911941117,616018.440396234,749115.470281507,142929.160313279,173810.454563914,10871,153800.160313279,184681.454563914
"100","100_SRB_Moesia_Superior","SRB","Moesia Superior",0.864189040673651,546834.931670419,664984.163040886,472568.755007101,574672.025921474,35982,508550.755007101,610654.025921474
"101","101_BGR_Moesia_Superior","BGR","Moesia Superior",0.0567410799890468,546834.931670419,664984.163040886,31028.0045987162,37731.9195865523,0,31028.0045987162,37731.9195865523
"102","102_MNE_Moesia_Superior","MNE","Moesia Superior",7.87078152367865e-05,546834.931670419,664984.163040886,43.0401827669361,52.3394506400112,0,43.0401827669361,52.3394506400112
"103","103_MKD_Moesia_Superior","MKD","Moesia Superior",0.0772876375630735,546834.931670419,664984.163040886,42263.5800057714,51395.0549782878,3590,45853.5800057714,54985.0549782878
"104","104_ROU_Moesia_Superior","ROU","Moesia Superior",0.00118584835131395,546834.931670419,664984.163040886,648.463302162241,788.570373391919,0,648.463302162241,788.570373391919
"105","105_ALB_Moesia_Superior","ALB","Moesia Superior",0.000517685607677692,546834.931670419,664984.163040886,283.08857390119,344.252730539862,0,283.08857390119,344.252730539862
"106","106_CHE_Narbonensis","CHE","Narbonensis",0.00161318974691896,971378.621404724,1342656.25433531,1567.01803242637,2165.95930313033,3590,5157.01803242637,5755.95930313033
"107","107_FRA_Narbonensis","FRA","Narbonensis",0.995547028535477,971378.621404724,1342656.25433531,967053.100122362,1336677.44434809,215346,1182399.10012236,1552023.44434809
"108","108_ITA_Narbonensis","ITA","Narbonensis",0.000113088760726661,971378.621404724,1342656.25433531,109.852004491033,151.839331884681,0,109.852004491033,151.839331884681
"109","109_ESP_Narbonensis","ESP","Narbonensis",0.00272669295687698,971378.621404724,1342656.25433531,2648.65124544514,3661.01135220292,0,2648.65124544514,3661.01135220292
"110","110_AUT_Noricum","AUT","Noricum",0.818277633114665,589957.172083553,717423.400713542,482748.758411551,587051.522276951,28347,511095.758411551,615398.522276951
"111","111_SVN_Noricum","SVN","Noricum",0.107266922962206,589957.172083553,717423.400713542,63282.8905288873,76955.8006556232,2000,65282.8905288873,78955.8006556232
"112","112_ITA_Noricum","ITA","Noricum",0.00254010387750164,589957.172083553,717423.400713542,1498.55250036933,1822.32996196288,0,1498.55250036933,1822.32996196288
"113","113_DEU_Noricum","DEU","Noricum",0.0629349840427753,589957.172083553,717423.400713542,37128.9452109992,45151.0302758203,0,37128.9452109992,45151.0302758203
"114","114_HRV_Noricum","HRV","Noricum",0.00879734302587457,589957.172083553,717423.400713542,5190.05561339393,6311.4197508665,0,5190.05561339393,6311.4197508665
"115","115_HUN_Noricum","HUN","Noricum",0.000183012976977796,589957.172083553,717423.400713542,107.969818352413,131.29779231812,0,107.969818352413,131.29779231812
"116","116_DZA_Numidia","DZA","Numidia",0.776601129461668,638964.528611018,745160.453953136,496220.574605259,578692.450170174,92296,588516.574605259,670988.450170174
"117","117_TUN_Numidia","TUN","Numidia",0.223398870538332,638964.528611018,745160.453953136,142743.954005759,166468.003782961,62597,205340.954005759,229065.003782961
"118","118_SRB_Pannonia_Inferior","SRB","Pannonia Inferior",0.214952699182461,274542.722011644,333860.460702818,59013.699137303,71764.2071783707,16100,75113.699137303,87864.2071783707
"119","119_BIH_Pannonia_Inferior","BIH","Pannonia Inferior",0.183886672202348,274542.722011644,333860.460702818,50484.7475280956,61392.489098584,0,50484.7475280956,61392.489098584
"120","120_HRV_Pannonia_Inferior","HRV","Pannonia Inferior",0.222345136223859,274542.722011644,333860.460702818,61043.238924948,74232.2496147282,16439,77482.238924948,90671.2496147282
"121","121_HUN_Pannonia_Inferior","HUN","Pannonia Inferior",0.378439215988881,274542.722011644,333860.460702818,103897.73247354,126345.890998061,6926,110823.73247354,133271.890998061
"122","122_SVK_Pannonia_Inferior","SVK","Pannonia Inferior",0.00037627640245044,274542.722011644,333860.460702818,103.303947757493,125.623813073703,0,103.303947757493,125.623813073703
"123","123_AUT_Pannonia_Superior","AUT","Pannonia Superior",0.0935357513139537,678009.169337813,824499.924737602,63418.097051762,77120.2199186298,22565,85983.097051762,99685.2199186298
"124","124_SVN_Pannonia_Superior","SVN","Pannonia Superior",0.0624334995559175,678009.169337813,824499.924737602,42330.4851727603,51476.4156849591,1000,43330.4851727603,52476.4156849591
"125","125_BIH_Pannonia_Superior","BIH","Pannonia Superior",0.0979855029550009,678009.169337813,824499.924737602,66435.069465668,80789.0398117743,1000,67435.069465668,81789.0398117743
"126","126_HRV_Pannonia_Superior","HRV","Pannonia Superior",0.355781056913968,678009.169337813,824499.924737602,241222.818864368,293341.454648631,10868,252090.818864368,304209.454648631
"127","127_HUN_Pannonia_Superior","HUN","Pannonia Superior",0.386029505213579,678009.169337813,824499.924737602,261731.544169746,318281.297995089,19728,281459.544169746,338009.297995089
"128","128_SVK_Pannonia_Superior","SVK","Pannonia Superior",0.00423468404758136,678009.169337813,824499.924737602,2871.15461350873,3491.49667851836,0,2871.15461350873,3491.49667851836
"129","129_ITA_Picenum_(Regio_V)","ITA","Picenum (Regio V)",1,200281.001906165,221571.901549136,200281.001906165,221571.901549136,52403,252684.001906165,273974.901549136
"130","130_CHE_Raetia","CHE","Raetia",0.17033184921736,855414.240883523,1182368.29106744,145704.289496555,201394.977473487,1000,146704.289496555,202394.977473487
"131","131_AUT_Raetia","AUT","Raetia",0.142705069240465,855414.240883523,1182368.29106744,122071.948474563,168729.948844509,1000,123071.948474563,169729.948844509
"132","132_ITA_Raetia","ITA","Raetia",0.196710789559542,855414.240883523,1182368.29106744,168269.210724674,232584.600086043,5976,174245.210724674,238560.600086043
"133","133_LIE_Raetia","LIE","Raetia",0.00212668567427326,855414.240883523,1182368.29106744,1819.19721165632,2514.52570632808,0,1819.19721165632,2514.52570632808
"134","134_DEU_Raetia","DEU","Raetia",0.48812560630836,855414.240883523,1182368.29106744,417549.594976075,577144.238957074,12608,430157.594976075,589752.238957074
"135","135_ITA_Samnium_(Regio_IV)","ITA","Samnium (Regio IV)",1,414685.399056737,458768.587829972,414685.399056737,458768.587829972,53794,468479.399056737,512562.587829972
"136","136_ITA_Sardinia","ITA","Sardinia",1,743420.040042889,822449.410350023,743420.040042889,822449.410350023,12377,755797.040042889,834826.410350023
"137","137_ITA_Sicilia","ITA","Sicilia",1,794474.085897201,878930.76361895,794474.085897201,878930.76361895,304214,1098688.0858972,1183144.76361895
"138","138_TUR_Syria","TUR","Syria",0.160330776520916,2167558.75498751,2691097.49471418,347526.378341858,431465.751021015,202371,549897.378341858,633836.751021015
"139","139_SYR_Syria","SYR","Syria",0.749753082675323,2167558.75498751,2691097.49471418,1625133.85843177,2017658.64244179,226200,1851333.85843177,2243858.64244179
"140","140_LBN_Syria","LBN","Syria",0.0800402921067134,2167558.75498751,2691097.49471418,173492.035907664,215396.229564567,42549,216041.035907664,257945.229564567
"141","141_ISR_Syria","ISR","Syria",0.0098758486970476,2167558.75498751,2691097.49471418,21406.4823062175,26576.8716868011,19666,41072.4823062175,46242.8716868011
"142","142_SRB_Thracia","SRB","Thracia",0.0189274714430817,395967.495247041,588676.414337225,7494.66345867696,11142.1560215836,0,7494.66345867696,11142.1560215836
"143","143_TUR_Thracia","TUR","Thracia",0.24572923894834,395967.495247041,588676.414337225,97300.7912553357,144655.007281924,55576,152876.791255336,200231.007281924
"144","144_BGR_Thracia","BGR","Thracia",0.603710535313989,395967.495247041,588676.414337225,239049.748522531,355390.153226246,46342,285391.748522531,401732.153226246
"145","145_GRC_Thracia","GRC","Thracia",0.118056614132707,395967.495247041,588676.414337225,46746.5817954746,69497.1442964356,60756,107502.581795475,130253.144296436
"146","146_MKD_Thracia","MKD","Thracia",0.0135761401618822,395967.495247041,588676.414337225,5375.71021502324,7991.95351103639,0,5375.71021502324,7991.95351103639
"147","147_CHE_Transpadana_(Regio_XI)","CHE","Transpadana (Regio XI)",0.0268006384737758,588797.432706909,651389.625328727,15780.1471282652,17457.6578540035,0,15780.1471282652,17457.6578540035
"148","148_ITA_Transpadana_(Regio_XI)","ITA","Transpadana (Regio XI)",0.973199361526224,588797.432706909,651389.625328727,573017.285578644,633931.967474723,77577,650594.285578644,711508.967474723
"149","149_ITA_Umbria_(Regio_VI)","ITA","Umbria (Regio VI)",0.995190826047338,385891.49380175,426913.742489414,384035.674481205,424860.640039,88640,472675.674481205,513500.640039
"150","150_SMR_Umbria_(Regio_VI)","SMR","Umbria (Regio VI)",0.00480917395266209,385891.49380175,426913.742489414,1855.81932054524,2053.10245041358,0,1855.81932054524,2053.10245041358
"151","151_CHE_Venetia_et_Histria_(Regio_X)","CHE","Venetia et Histria (Regio X)",0.000206915884765379,1711965.12082372,1893955.81006942,354.232777662708,391.889542147044,0,354.232777662708,391.889542147044
"152","152_AUT_Venetia_et_Histria_(Regio_X)","AUT","Venetia et Histria (Regio X)",0.04875059037101,1711965.12082372,1893955.81006942,83459.3103347337,92331.4638774889,1000,84459.3103347337,93331.4638774889
"153","153_SVN_Venetia_et_Histria_(Regio_X)","SVN","Venetia et Histria (Regio X)",0.173442442781186,1711965.12082372,1893955.81006942,296927.412511854,328492.322218061,2760,299687.412511854,331252.322218061
"154","154_ITA_Venetia_et_Histria_(Regio_X)","ITA","Venetia et Histria (Regio X)",0.724126534833522,1711965.12082372,1893955.81006942,1239679.37069793,1371463.65787339,134946,1374625.37069793,1506409.65787339
"155","155_HRV_Venetia_et_Histria_(Regio_X)","HRV","Venetia et Histria (Regio X)",0.0534735161295163,1711965.12082372,1893955.81006942,91544.7945015364,101276.476558338,6922,98466.7945015364,108198.476558338
