"","province","macroregion","area","macroregion_area","area_proportion","urban_pop","macroregion_tot_pop_min","macroregion_tot_pop_max","macroregion_urban_pop","macroregion_rural_pop_min","macroregion_rural_pop_max","rural_pop_max","rural_pop_min","tot_pop_min","tot_pop_max"
"1","Aemilia (Regio VIII)","Italy and islands",23289989471.2379,301052834366.262,0.0773618010282647,80819,1.2e+07,1.3e+07,2593117,9406883,10406883,805095.21197043,727733.410942165,808552.410942165,885914.21197043
"2","Apulia et Calabria (Regio II)","Italy and islands",26755939624.8487,301052834366.262,0.0888745647626001,127297,1.2e+07,1.3e+07,2593117,9406883,10406883,924907.197160302,836032.632397702,963329.632397702,1052204.1971603
"3","Bruttium et Lucania (Regio III)","Italy and islands",26175418844.2196,301052834366.262,0.0869462627691936,65522,1.2e+07,1.3e+07,2593117,9406883,10406883,904839.583926254,817893.32115706,883415.32115706,970361.583926254
"4","Corsica","Italy and islands",8709501572.487,301052834366.262,0.0289301430787759,2000,1.2e+07,1.3e+07,2593117,9406883,10406883,301072.614194081,272142.471115305,274142.471115305,303072.614194081
"5","Etruria (Regio VII)","Italy and islands",29379581085.1832,301052834366.262,0.0975894518549519,167546,1.2e+07,1.3e+07,2593117,9406883,10406883,1015602.00748862,918012.555633666,1085558.55563367,1183148.00748862
"6","Latium et Campania (Regio I)","Italy and islands",18111004963.7186,301052834366.262,0.06015889204911,1384701,1.2e+07,1.3e+07,2593117,9406883,10406883,626066.550964718,565907.658915608,1950608.65891561,2010767.55096472
"7","Liguria (Regio IX)","Italy and islands",13750171991.145,301052834366.262,0.0456736174568497,30599,1.2e+07,1.3e+07,2593117,9406883,10406883,475319.993060192,429646.375603342,460245.375603342,505918.993060192
"8","Picenum (Regio V)","Italy and islands",6409685683.7245,301052834366.262,0.0212908996429725,52403,1.2e+07,1.3e+07,2593117,9406883,10406883,221571.901549156,200281.001906184,252684.001906184,273974.901549156
"9","Samnium (Regio IV)","Italy and islands",13271368928.0853,301052834366.262,0.0440831887732348,53794,1.2e+07,1.3e+07,2593117,9406883,10406883,458768.587829968,414685.399056733,468479.399056733,512562.587829968
"10","Sardinia","Italy and islands",23792015929.1482,301052834366.262,0.0790293703071491,12377,1.2e+07,1.3e+07,2593117,9406883,10406883,822449.410350175,743420.040043026,755797.040043026,834826.410350175
"11","Sicilia","Italy and islands",25425922209.2891,301052834366.262,0.0844566777217445,304214,1.2e+07,1.3e+07,2593117,9406883,10406883,878930.763618901,794474.085897157,1098688.08589716,1183144.7636189
"12","Transpadana (Regio XI)","Italy and islands",18843556997.9973,301052834366.262,0.0625921926218177,77577,1.2e+07,1.3e+07,2593117,9406883,10406883,651389.62532872,588797.432706902,666374.432706902,728966.62532872
"13","Umbria (Regio VI)","Italy and islands",12349864239.4985,301052834366.262,0.0410222486876627,88640,1.2e+07,1.3e+07,2593117,9406883,10406883,426913.742489409,385891.493801746,474531.493801746,515553.742489409
"14","Venetia et Histria (Regio X)","Italy and islands",54788812825.6795,301052834366.262,0.181990689245673,145628,1.2e+07,1.3e+07,2593117,9406883,10406883,1893955.81006908,1711965.1208234,1857593.1208234,2039583.81006908
"15","Baetica","Iberia",77761037867.527,582745690439.523,0.133439061229054,157061,7e+06,9e+06,345903,6654097,8654097,1154794.57946518,887916.457007067,1044977.45700707,1311855.57946518
"16","Hispania Citerior","Iberia",384602001266.948,582745690439.523,0.659982574863609,131947,7e+06,9e+06,345903,6654097,8654097,5711553.22117944,4391588.07145222,4523535.07145222,5843500.22117944
"17","Lusitania","Iberia",120382651305.048,582745690439.523,0.206578363907336,56895,7e+06,9e+06,345903,6654097,8654097,1787749.19935539,1374592.47154072,1431487.47154072,1844644.19935539
"18","Alpes Cottiae","Gaul and Germany",9682508968.86087,759057984916.514,0.012755954302919,1000,9e+06,1.2e+07,1151060,7848940,10848940,138388.582875111,100120.719966353,101120.719966353,139388.582875111
"19","Alpes Graiae","Gaul and Germany",3542855421.37857,759057984916.514,0.00466743712836146,0,9e+06,1.2e+07,1151060,7848940,10848940,50636.7453593658,36634.4339742814,36634.4339742814,50636.7453593658
"20","Alpes Maritimae","Gaul and Germany",6544192375.75408,759057984916.514,0.00862146569273472,4590,9e+06,1.2e+07,1151060,7848940,10848940,93533.7640125374,67669.3669343332,72259.3669343332,98123.7640125374
"21","Alpes Poeninae","Gaul and Germany",3739782938.48611,759057984916.514,0.00492687385259169,2601,9e+06,1.2e+07,1151060,7848940,10848940,53451.3588143361,38670.737256561,41271.737256561,56052.3588143361
"22","Aquitania","Gaul and Germany",169479617083.124,759057984916.514,0.223276245624061,247040,9e+06,1.2e+07,1151060,7848940,10848940,2422310.5922007,1752481.85532852,1999521.85532852,2669350.5922007
"23","Belgica","Gaul and Germany",89908671041.1204,759057984916.514,0.118447698104393,148076,9e+06,1.2e+07,1151060,7848940,10848940,1285031.96987268,929688.875559496,1077764.8755595,1433107.96987268
"24","Germania Inferior","Gaul and Germany",42575995480.1532,759057984916.514,0.0560905705837953,60605,9e+06,1.2e+07,1151060,7848940,10848940,608523.23482936,440251.523077974,500856.523077974,669128.23482936
"25","Germania Superior","Gaul and Germany",97965718775.4994,759057984916.514,0.129062233350031,92518,9e+06,1.2e+07,1151060,7848940,10848940,1400188.42588048,1013001.72583039,1105519.72583039,1492706.42588048
"26","Lugdunensis","Gaul and Germany",158952531368.971,759057984916.514,0.209407626989726,355110,9e+06,1.2e+07,1151060,7848940,10848940,2271850.78075392,1643627.89978474,1998737.89978474,2626960.78075392
"27","Narbonensis","Gaul and Germany",93940417298.8566,759057984916.514,0.123759210976733,218936,9e+06,1.2e+07,1151060,7848940,10848940,1342656.25433392,971378.621403717,1190314.62140372,1561592.25433392
"28","Raetia","Gaul and Germany",82725694164.3102,759057984916.514,0.108984683394654,20584,9e+06,1.2e+07,1151060,7848940,10848940,1182368.2910676,855414.240883634,875998.240883634,1202952.2910676
"29","Britannia","Britain",169552498450.563,169552498450.563,1,185098,1500000,2e+06,185098,1314902,1814902,1814902,1314902,1500000,2e+06
"30","Dacia","Danubian region",108595577095.461,480522478476.749,0.225994791002719,72425,5e+06,6e+06,371659,4628341,5628341,1271975.74798703,1045980.95698431,1118405.95698431,1344400.74798703
"31","Dalmatia","Danubian region",91051429439.1475,480522478476.749,0.189484225020606,102047,5e+06,6e+06,371659,4628341,5628341,1066481.8325367,876997.607516095,979044.607516095,1168528.8325367
"32","Moesia Inferior","Danubian region",63956114678.3638,480522478476.749,0.13309702988527,32642,5e+06,6e+06,371659,4628341,5628341,749115.47028149,616018.44039622,648660.44039622,781757.47028149
"33","Moesia Superior","Danubian region",56773361488.2581,480522478476.749,0.118149231370464,39572,5e+06,6e+06,371659,4628341,5628341,664984.163040868,546834.931670404,586406.931670404,704556.163040868
"34","Noricum","Danubian region",61250388103.3646,480522478476.749,0.127466228629986,30347,5e+06,6e+06,371659,4628341,5628341,717423.400713522,589957.172083536,620304.172083536,747770.400713522
"35","Pannonia Inferior","Danubian region",28503506813.518,480522478476.749,0.0593177386911718,39465,5e+06,6e+06,371659,4628341,5628341,333860.460702808,274542.722011637,314007.722011637,373325.460702808
"36","Pannonia Superior","Danubian region",70392100858.6357,480522478476.749,0.146490755399784,55161,5e+06,6e+06,371659,4628341,5628341,824499.924737578,678009.169337794,733170.169337794,879660.924737578
"37","Achaia","Greek peninsula",38994297491.7969,247599062964.611,0.157489681200329,753140,2500000,3e+06,1472628,1027372,1527372,240545.329354309,161800.488754145,914940.488754145,993685.329354309
"38","Creta","Greek peninsula",8265559525.4794,247599062964.611,0.0333828384748806,100581,2500000,3e+06,1472628,1027372,1527372,50988.0127670553,34296.593529615,134877.593529615,151569.012767055
"39","Epirus","Greek peninsula",24159807119.8094,247599062964.611,0.0975763269478225,129500,2500000,3e+06,1472628,1027372,1527372,149035.349642949,100247.186169038,229747.186169038,278535.349642949
"40","Macedonia","Greek peninsula",80750303244.2184,247599062964.611,0.326133315196592,327733,2500000,3e+06,1472628,1027372,1527372,498126.893898449,335060.236300153,662793.236300153,825859.893898449
"41","Thracia","Greek peninsula",95429095583.3072,247599062964.611,0.385417838180376,161674,2500000,3e+06,1472628,1027372,1527372,588676.414337237,395967.495247049,557641.495247049,750350.414337237
"42","Asia","Anatolia",119086596882.771,528282319315.587,0.225422264816762,894523,9e+06,1e+07,1265719,7734281,8734281,1968901.40456601,1743479.13974925,2638002.13974925,2863424.40456601
"43","Bithynia et Pontus","Anatolia",65245212581.0038,528282319315.587,0.123504441082813,99866,9e+06,1e+07,1265719,7734281,8734281,1078722.49316523,955218.052082421,1055084.05208242,1178588.49316523
"44","Cappadocia","Anatolia",172421704268.832,528282319315.587,0.326381743178934,16881,9e+06,1e+07,1265719,7734281,8734281,2850709.85819464,2524328.11501571,2541209.11501571,2867590.85819464
"45","Cilicia","Anatolia",39787440828.7015,528282319315.587,0.0753147311086389,94258,9e+06,1e+07,1265719,7734281,8734281,657820.024942294,582505.293833655,676763.293833655,752078.024942294
"46","Lycia et Pamphylia","Anatolia",24524053704.4153,528282319315.587,0.046422249633846,103491,9e+06,1e+07,1265719,7734281,8734281,405464.972954158,359042.723320312,462533.723320312,508955.972954158
"47","Galatia","Anatolia",107217311049.863,528282319315.587,0.202954570179006,56700,9e+06,1e+07,1265719,7734281,8734281,1772662.24617766,1569707.67599865,1626407.67599865,1829362.24617766
"48","Arabia","Greater Syria",88563464299.5952,242117687295.186,0.365786842295499,108601,5e+06,6e+06,859793,4140207,5140207,1880220.08727522,1514433.24497972,1623034.24497972,1988821.08727522
"49","Cyprus","Greater Syria",9246926574.81106,242117687295.186,0.0381918672613841,54269,5e+06,6e+06,859793,4140207,5140207,196314.103440038,158122.236178653,212391.236178653,250583.103440038
"50","Iudaea","Greater Syria",17549307548.7278,242117687295.186,0.0724825507164703,206137,5e+06,6e+06,859793,4140207,5140207,372575.314570656,300092.763854186,506229.763854186,578712.314570656
"51","Syria","Greater Syria",126757988872.052,242117687295.186,0.523538739726646,490786,5e+06,6e+06,859793,4140207,5140207,2691097.49471408,2167558.75498744,2658344.75498744,3181883.49471408
"52","Aegyptus","Egypt",638285463804.484,638285463804.484,1,986206,5e+06,6e+06,986206,4013794,5013794,5013794,4013794,5e+06,6e+06
"53","Africa Proconsularis","North Africa",303271932252.734,1055340894192.95,0.287368691880981,583545,7e+06,8e+06,983154,6016846,7016846,2016421.85615029,1729053.16426931,2312598.16426931,2599966.85615029
"54","Cyrene","North Africa",383792675712.297,1055340894192.95,0.363667017760923,116774,7e+06,8e+06,983154,6016846,7016846,2551795.45890766,2188128.44114674,2304902.44114674,2668569.45890766
"55","Mauretania Caesariensis","North Africa",204715683380.844,1055340894192.95,0.193980622287356,111598,7e+06,8e+06,983154,6016846,7016846,1361132.15357455,1167151.53128719,1278749.53128719,1472730.15357455
"56","Mauretania Tingitana","North Africa",51487700036.8743,1055340894192.95,0.0487877427286169,16344,7e+06,8e+06,983154,6016846,7016846,342336.077414324,293548.334685707,309892.334685707,358680.077414324
"57","Numidia","North Africa",112072902810.204,1055340894192.95,0.106195925342123,154893,7e+06,8e+06,983154,6016846,7016846,745160.453953175,638964.528611052,793857.528611052,900053.453953175
