"","std_spelling","Term","gen_sg","Term2","Vocab_nom_sg","gender","Source","HISCO_majorgroup","HISCO_minorgroup","Harris_Category","Subcategory","Translation_eng","Term_full"
"1","abetarius","abetarius","i",NA,NA,"male","Petrikovits 1981a",8,81,"Building","Wood worker","a joiner, wood worker","abetarius"
"2","abetarius","abietarius","i",NA,NA,"male","Petrikovits 1981a",8,81,"Building","Wood worker","a joiner, wood worker","abietarius"
"3","acceptor","acceptor","oris",NA,"acceptor","male","Waltzing - Rome",3,31,"Finance",NA,"collector, gold quality checker","acceptor"
"4","acceptor","aceptor","oris",NA,NA,"male","Petrikovits 1981a",3,31,"Finance",NA,"collector, gold quality checker","aceptor"
"5","acuarius","acuarius","i",NA,NA,"male","Petrikovits 1981a",8,83,"Metal-Working",NA,"manufacturer or seller of needles","acuarius"
"6","acuarius","acuclarius","i",NA,NA,"male","Petrikovits 1981a",8,83,"Metal-Working",NA,"manufacturer or seller of needles","acuclarius"
"7","acucularius","acucularius","i",NA,NA,"male","Petrikovits 1981b",8,83,"Metal-Working",NA,"manufacturer or seller of a small pin for a head-dress","acucularius"
"8","aedifex","aedifex","icis",NA,NA,"male","Petrikovits 1981a",0,2,"Building",NA,"builder","aedifex"
"9","aedifex","aedificator","oris",NA,NA,"male","Petrikovits 1981a",0,2,"Building",NA,"builder, architect","aedificator"
"10","aeneator","aeneator","oris",NA,"aeneator","male","Waltzing - Rome",1,17,"Performing Arts",NA,"musician, one who blows a horn in war
","aeneator"
"11","aequator monetae","aequator monetae","oris",NA,"aequator","male","Petrikovits 1981a",3,31,"Finance",NA,"one who, in the coining of money, examines the equality of its weight, an assizer","aequator monetae"
"12","aerarius","aerarius","i",NA,"aerarius","male","Waltzing - Rome",8,83,"Metal-Working",NA,"metal worker","aerarius"
"13","agricola","agricola","ae",NA,"agricola","male","Petra's addition",6,62,"Food-Production",NA,"a husbandman, agriculturist, ploughman, farmer, peasant","agricola"
"14","agrimensor","agrimensor","oris",NA,NA,"male","Petrikovits 1981a",0,2,"Miscellaneous Services",NA,"a landsurveyor","agrimensor"
"15","agrimensor","agrimesor","oris",NA,NA,"male","Petrikovits 1981a",0,2,"Miscellaneous Services",NA,"a landsurveyor","agrimesor"
"16","albarius","albarius","i",NA,NA,"male","Petrikovits 1981a",9,95,"Building",NA,"worker in stucco, a plasterer","albarius"
"17","aluminarius","aluminarius","i",NA,NA,"male","Petrikovits 1981a",7,71,"Fuel / Raw material",NA,"worker or seller or alum (mineral)","aluminarius"
"18","ampullarius","ampullarius","i",NA,NA,"male","Petrikovits 1981a",8,89,"Household Goods",NA,"manufacturer of ampullae (small vessels from glass and leather)","ampullarius"
"19","anabolicarius","anabolicarius","i",NA,"anabolicarius","male","Waltzing - Rome",9,98,"Transport","Maritime/water transport","one day sailor","anabolicarius"
"20","anaglyptarius","anaglitarius","i",NA,NA,"male","Petrikovits 1981b",1,16,"Plastic Arts",NA,"relief maker, carver","anaglitarius"
"21","anaglyptarius","anaglypharius","i",NA,NA,"male","Petrikovits 1981b",1,16,"Plastic Arts",NA,"relief maker, carver","anaglypharius"
"22","anaglyptarius","anaglyptarius","i",NA,NA,"male","Petrikovits 1981a",1,16,"Plastic Arts",NA,"relief maker, carver","anaglyptarius"
"23","anellarius","anellarius","i",NA,NA,"male","Petrikovits 1981b",8,88,"Metal-Working",NA,"ring maker","anellarius"
"24","anellarius","annellarius","i",NA,NA,"male","Petrikovits 1981a",8,88,"Metal-Working",NA,"ring maker","annellarius"
"25","anellarius","anularius","i",NA,"anularius","male","Waltzing - Rome",8,88,"Metal-Working",NA,"maker of rings","anularius"
"26","annonarius","annonarius","i",NA,"annonarius","male","Waltzing - provinces",3,30,"Managerial",NA,"of or pertaining to provisions","annonarius"
"27","apparator","apparator","oris",NA,"apparator","male","Waltzing - Rome",9,99,"Miscellaneous Services",NA,"one that prepares","apparator"
"28","aquarius","aquarius","i",NA,"aquarius","male","Waltzing - provinces",9,95,"Water-Management",NA,"fountain worker, of water, watery, water carrier","aquarius"
"29","archimagirus","archimagirus","i",NA,NA,"male","Petrikovits 1981a",5,53,"Food-Production",NA,"chef","archimagirus"
"30","architectus","architecton","nis",NA,NA,"male","Petrikovits 1981a",0,2,"Building",NA,"a masterbuilder, architect","architecton"
"31","architectus","architectus","i",NA,NA,"male","Petrikovits 1981a",0,2,"Building",NA,"a master-builder, architect","architectus"
"32","arcuarius","arcarius","i",NA,NA,"male","Petrikovits 1981a",3,31,"Finance",NA,"treasurer, a controller of public revenues","arcarius"
"33","arcuarius","arcuarius","i",NA,NA,"male","Petrikovits 1981a",3,31,"Finance",NA,"treasurer, a controller of public revenues","arcuarius"
"34","argentarius","argentarius","i",NA,"argentarius","male","Waltzing - Rome",8,88,"Metal-Working",NA,"jewellery maker, banker","argentarius"
"35","armamentarius","armamentarius","i",NA,NA,"male","Petrikovits 1981a",5,58,"Miscellaneous Services","Military","an arsenal provider, armory keeper","armamentarius"
"36","armamentarius","armamintarius","i",NA,NA,"male","Petrikovits 1981a",5,58,"Miscellaneous Services","Military","an arsenal provider, armory keeper","armamintarius"
"37","armariarius","armariarius","i",NA,NA,"male","Petrikovits 1981a",8,81,"Household Goods",NA,"cabinet maker","armariarius"
"38","aromatarius","aromatarius","i",NA,"aromatarius","male","Waltzing - Rome",4,43,"Retail",NA,"seller of perfumes, spices","aromatarius"
"39","artifex","artefex","icis",NA,NA,"male","Petrikovits 1981a",1,16,"Plastic Arts",NA,"One that is master in the liberal arts,an artist, artificer","artefex"
"40","artifex","artifex","icis",NA,NA,"male","Petrikovits 1981a",1,16,"Plastic Arts",NA,"One that is master in the liberal arts,an artist, artificer","artifex"
"41","asinarius","asinarius","i",NA,"asinarius","male","Waltzing - provinces",9,97,"Transport","Land transport","a keeper of asses, an ass-driver","asinarius"
"42","athleta","athleta","ae",NA,"athleta","male","Waltzing - provinces",1,17,"Performing Arts",NA,"a wrestler, athlete, combatant in public games","athleta"
"43","aurarius","aurarius","i",NA,"aurarius","male","Waltzing - provinces",7,71,"Metal-Working",NA,"gold-mine worker","aurarius"
"44","auricaesor","auricaesor","oris",NA,NA,"male","Petrikovits 1981a",8,88,"Metal-Working",NA,"manufacturer of sheet gold","auricaesor"
"45","aurifex","aurifex","icis",NA,"aurifex","male","Waltzing - Rome",8,88,"Metal-Working",NA,"goldsmith","aurifex"
"46","aurifex","aurificus","i",NA,NA,"male","Petrikovits 1981a",8,88,"Metal-Working",NA,"goldworker, goldsmith","aurificus"
"47","aurifex","aurufex","icis",NA,NA,"male","Petrikovits 1981a",8,88,"Metal-Working",NA,"goldworker, goldsmith","aurufex"
"48","automatarius","automatarius","i",NA,NA,"male","Petrikovits 1981a",9,99,"Miscellaneous Services",NA,"a maker of automata","automatarius"
"49","axearius","axearius","i",NA,NA,"male","Petrikovits 1981a",8,82,"Building",NA,"uncertain, board-cutter","axearius"
"50","ballistrarius","ballistarius","i",NA,NA,"male","Petrikovits 1981a",0,2,"Miscellaneous Services","Military","manufacturer of ballistae, an engine for hurling","ballistarius"
"51","ballistrarius","ballistrarius","i",NA,NA,"male","Petrikovits 1981a",0,2,"Miscellaneous Services","Military","manufacturer of ballistae, an engine for hurling","ballistrarius"
"52","barbaricarius","barbaricarius","i",NA,NA,"male","Petrikovist 1981b",7,75,"Clothing",NA,"textile worker","barbaricarius"
"53","barbaricarius","barbaricas","atis",NA,NA,"male","Petrikovits 1981a",7,75,"Clothing",NA,"textile worker","barbaricas"
"54","boarius","boarius","i",NA,"boarius","male","Waltzing - Rome",6,62,"Food-Production",NA,"cattle breader","boarius"
"55","bractearius","bractearius","i",NA,NA,"male","Petrikovits 1981a",8,88,"Metal-Working",NA,"goldsheet maker, worker","bractearius"
"56","bractearius","bracteator","oris",NA,NA,"male","Petrikovits 1981a",8,88,"Metal-Working",NA,"goldsheet maker, worker","bracteator"
"57","bractearius","brattearius","i",NA,NA,"male","Petrikovits 1981a",8,88,"Metal-Working",NA,"goldsheet maker, worker","brattearius"
"58","bractearius","brattiarius","i",NA,NA,"male","Petrikovits 1981a",8,88,"Metal-Working",NA,"goldsheet maker, worker","brattiarius"
"59","caelator","caelator","oris",NA,NA,"male","Petrikovits 1981a",1,16,"Plastic Arts",NA,"relief maker, carver","caelator"
"60","caementarius","caementarius","i",NA,NA,"male","Petrikovits 1981a",9,95,"Building","Stone worker","mason","caementarius"
"61","caementarius","cementarius","i",NA,NA,"male","Petrikovits 1981a",9,95,"Building","Stone worker","mason","cementarius"
"62","calcariensis","calcarensis","ensis",NA,NA,"male","Petrikovits 1981a",7,74,"Building","Stone worker","a limeburner","calcarensis"
"63","calcariensis","calcariensis","ensis",NA,"calcariensis","male","Waltzing - Rome",7,74,"Building","Stone worker","a limeburner","calcariensis"
"64","calcarius","calcarius","i",NA,NA,"male","Petrikovits 1981a",7,71,"Building","Stone worker","limestone quarry worker","calcarius"
"65","calcarius","calcearius","i",NA,NA,"male","Petrikovits 1981a",7,71,"Building","Stone worker","limestone quarry worker","calcearius"
"66","calceator","calceator","oris",NA,NA,"male","Petrikovits 1981a",8,80,"Clothing","Shoe maker","a shoemaker","calceator"
"67","calceator","calceolarius","i",NA,NA,"male","Petrikovits 1981a",8,80,"Clothing","Shoe maker","a shoemaker","calceolarius"
"68","calceator","calciamentarius","i",NA,NA,"male","Petrikovits 1981a",8,80,"Clothing","Shoe maker","a shoemaker","calciamentarius"
"69","calceator","calciator","oris",NA,NA,"male","Petrikovits 1981a",8,80,"Clothing","Shoe maker","a shoemaker","calciator"
"70","calcis coctor","calcis coctor","oris",NA,"coctor","male","Waltzing - Rome",7,74,"Building","Stone worker","limeburner","calcis coctor"
"71","calegarius","calegarius","i",NA,NA,"male","Petrikovits 1981a",8,80,"Clothing","Shoe maker","a shoemaker","calegarius"
"72","calegarius","caligarius","i",NA,"caligarius","male","Waltzing - Rome",8,80,"Clothing","Shoe maker","a shoemaker","caligarius"
"73","camararius","camararius","i",NA,NA,"male","Petrikovits 1981a",9,95,"Building",NA,"vault building worker","camararius"
"74","camararius","camarius","i",NA,NA,"male","Petrikovits 1981a",9,95,"Building",NA,"vault building worker","camarius"
"75","canalicularius","canalicularius","i",NA,NA,"male","Petrikovits 1981a",9,95,"Water-Management",NA,"canal constructor, specialized worker","canalicularius"
"76","candelabrarius","candelabrarius","i",NA,NA,"male","Petrikovits 1981a",8,83,"Metal-Working",NA,"manufacturer of candelabra, lamp-stand","candelabrarius"
"77","candidarius","candidarius","i",NA,NA,"male","Petrikovits 1981a",5,53,"Food-Production",NA,"a baker","candidarius"
"78","candidator","candidator","oris",NA,NA,"male","Petrikovits 1981a",7,79,"Clothing",NA,"uncertain, textile washer","candidator"
"79","capistrarius","capistrarius","i",NA,NA,"male","Petrikovits 1981a",8,80,"Household Goods",NA,"a halter-maker","capistrarius"
"80","caplator","caplator","oris",NA,"caplator","male","Waltzing - provinces",9,97,"Transport",NA,"oil transporter","caplator"
"81","capsarius","capsarius","i",NA,NA,"male","Petrikovits 1981a",0,6,"Miscellaneous Services",NA,"healing asssitant, producer of capsae (a repository, box, bookcase)","capsarius"
"82","capulator","capulator","oris",NA,"capulator","male","Waltzing - Rome",5,53,"Miscellaneous Services",NA,"decanter","capulator"
"83","carbonarius","carbonarius","i",NA,NA,"male","Petrikovits 1981a",7,71,"Fuel / Raw material",NA,"coal handler, worker, miner","carbonarius"
"84","carbonarius","carbonarus","i",NA,NA,"male","Petrikovits 1981a",7,71,"Fuel / Raw material",NA,"coal handler, worker, miner","carbonarus"
"85","carminator","carminator","oris",NA,NA,"male","Petrikovits 1981a",7,75,"Clothing",NA,"a carder, practitioner of carding, a method of preparing wool for use as a textile","carminator"
"86","carpentarius","carpentarius","i",NA,NA,"male","Petrikovits 1981b",9,95,"Transport","Land transport","a wheelwright","carpentarius"
"87","carpentarius","carrocarpentarius","i",NA,NA,"male","Petrikovits 1981a",9,95,"Transport","Land transport","a wheelwright","carrocarpentarius"
"88","carrarius","carrarius","i",NA,NA,"male","Petrikovits 1981a",9,95,"Transport","Land transport","a wheelwright, cart maker","carrarius"
"89","cassidarius","cassidarius","i",NA,NA,"male","Petrikovits 1981a",8,83,"Metal-Working",NA,"a helmet smith","cassidarius"
"90","caudicarius","caudicarius","i",NA,"caudicarius","male","Waltzing - Rome",9,98,"Transport","Maritime/water transport","those who sail on such ships (esp. those who brought the corn from Ostia to Rome)","caudicarius"
"91","caudicarius","codicarius","i",NA,"codicarius","male","Waltzing - Rome",9,98,"Transport","Maritime/water transport","those who sail on such ships (esp. those who brought the corn from Ostia to Rome)","codicarius"
"92","caupo","caupo","onis",NA,NA,"male","Petrikovits 1981a",4,43,"Retail",NA,"a petty tradesman, huckster, innkeeper","caupo"
"93","cavator","cabator","oris",NA,NA,"male","Petrikovits 1981a",8,83,"Miscellaneous Services",NA,"engraver, maker of hollow spaces","cabator"
"94","cavator","cavator","oris",NA,NA,"male","Petrikovits 1981a",8,82,"Miscellaneous Services",NA,"engraver, maker of hollow spaces","cavator"
"95","cellariarius","cellararius","i",NA,NA,"male","Petrikovits 1981a",5,55,"Household Goods",NA,"one who keeps provisions, a steward, butler","cellararius"
"96","cellariarius","cellariarius","i",NA,NA,"male","Petrikovits 1981b",5,55,"Household Goods",NA,"one who keeps provisions, a steward, butler","cellariarius"
"97","cellariarius","cellaricarius","i",NA,NA,"male","Petrikovits 1981a",5,55,"Household Goods",NA,"one who keeps provisions, a steward, butler","cellaricarius"
"98","cellariarius","cellarius","i",NA,NA,"male","Petrikovits 1981a",5,55,"Household Goods",NA,"one who keeps provisions, a steward, butler","cellarius"
"99","cellariarius","cellio","onis",NA,NA,"male","Petrikovits 1981a",5,55,"Household Goods",NA,"one who keeps provisions, a steward, butler","cellio"
"100","centonarius","centonarius","i",NA,"centonarius","male","Waltzing - Rome",7,79,"Clothing",NA,"a maker of patchwork, a dealer in rags","centonarius"
"101","cerarius","cerarius","i",NA,NA,"male","Petrikovits 1981a",7,77,"Household Goods",NA,"manufacturer of wax products","cerarius"
"102","cerdo","cerdo","onis",NA,NA,"male","Petrikovits 1981a",9,94,"Miscellaneous Services",NA,"a handicraftsman","cerdo"
"103","ceriolarius","ceriolarius","i",NA,NA,"male","Petrikovits 1981a",7,77,"Household Goods",NA,"wax candles manufacturer","ceriolarius"
"104","cervesarius","cervesarius","i",NA,NA,"male","Petrikovits 1981a",5,53,"Food-Production",NA,"beermaker, brewer","cervesarius"
"105","chartarius","cartharius","i",NA,NA,"male","Petrikovits 1981a",9,91,"Miscellaneous Services",NA,"papyrus maker","cartharius"
"106","chartarius","chartarius","i",NA,NA,"male","Petrikovits 1981a",9,91,"Miscellaneous Services",NA,"papyrus maker","chartarius"
"107","chorographus","chorographus","i",NA,NA,"male","Petrikovits 1981a",0,2,"Miscellaneous Services",NA,"cartograph, map maker","chorographus"
"108","circumitor","circitor","oris",NA,"circitor","male","Waltzing - provinces",2,22,"Managerial",NA,"A watchman, overseer, supervisor","circitor"
"109","circumitor","circumitor","oris",NA,NA,"male","Petrikovits 1981a",2,22,"Managerial",NA,"A watchman, overseer, supervisor","circumitor"
"110","cisiarius","cisianus","i",NA,NA,"male","Petrikovits 1981a",9,95,"Transport",NA,"uncertain, the maker / driver of a cabriolet","cisianus"
"111","cisiarius","cisiarius","i",NA,"cisiarius","male","Waltzing - Rome",9,95,"Transport","Land transport","The maker / driver of a cabriolet","cisiarius"
"112","citrarius","citrarius","i",NA,"citrarius","male","Waltzing - Rome",8,81,"Household Goods",NA,"maker of furniture out of citrus trees","citrarius"
"113","claustrarius","clastrarius","i",NA,NA,"male","Petrikovits 1981a",8,83,"Household Goods",NA,"lock maker and seller","clastrarius"
"114","claustrarius","claustrarius","i",NA,NA,"male","Petrikovits 1981a",8,83,"Household Goods",NA,"lock maker and seller","claustrarius"
"115","clavarius","claharus","i",NA,NA,"male","Petrikovits 1981a",8,83,"Metal-Working",NA,"nail maker","claharus"
"116","clavarius","clavarius","i",NA,NA,"male","Petrikovits 1981a",8,83,"Metal-Working",NA,"nail maker","clavarius"
"117","claviclarius","claviclarius","i",NA,NA,"male","Petrikovits 1981a",8,83,"Metal-Working",NA,"A bar, bolt of the door maker, or guardian of a prison","claviclarius"
"118","claviclarius","clavicularius","i",NA,NA,"male","Petrikovits 1981a",8,83,"Metal-Working",NA,"A bar, bolt of the door maker, or guardian of a prison","clavicularius"
"119","clibanarius","clibanarius","i",NA,"clibanarius","male","Waltzing - provinces",5,53,"Food-Production",NA,"a soldier clad in mail, a cuirassier, baker","clibanarius"
"120","coactarius","coactarius","i",NA,NA,"male","Petrikovits 1981a",7,75,"Clothing",NA,"felt maker","coactarius"
"121","coactarius","coactiliarius","i",NA,NA,"male","Petrikovits 1981a",7,75,"Clothing",NA,"felt maker","coactiliarius"
"122","coactor","coactor","oris",NA,NA,"male","Petrikovits 1981a",7,75,"Clothing",NA,"felt producer or seller","coactor"
"123","coactor","coator","oris",NA,NA,"male","Petrikovits 1981a",7,75,"Clothing",NA,"felt producer or seller","coator"
"124","coctarius","coctarius","i",NA,NA,"male","Petrikovits 1981a",5,53,"Food-Production",NA,"a cook","coctarius"
"125","coctarius","coctor","oris",NA,"coctor","male","Waltzing - Rome",5,53,"Food-Production",NA,"a cook, master distiller","coctor"
"126","coctarius","coctuarius","i",NA,NA,"male","Petrikovits 1981a",5,53,"Food-Production",NA,"a cook","coctuarius"
"127","coctarius","cocus","i",NA,NA,"male","Petrikovits 1981a",5,53,"Food-Production",NA,"a cook ","cocus"
"128","colorator","colorator","oris",NA,NA,"male","Petrikovits 1981a",7,75,"Clothing","Colour production","dyer, colormaker, painter","colorator"
"129","columnarius","columnarius","i",NA,NA,"male","Petrikovits 1981a",9,95,"Building",NA,"column manufacturer","columnarius"
"130","conchylegulus","conchylegulus","i",NA,NA,"male","Petrikovits 1981a",7,75,"Clothing","Colour production","a collector of purpur shell-fish","conchylegulus"
"131","conchylegulus","conchyliarius","i",NA,NA,"male","Petrikovits 1981a",7,75,"Clothing","Colour production","a collector of purpur shell-fish","conchyliarius"
"132","conchylegulus","conchyliolegulus","i",NA,"conchyliolegulus","male","Waltzing - provinces",7,75,"Clothing","Colour production","a collector of purpur shell-fish","conchyliolegulus"
"133","conchylegulus","conquiliarius","i",NA,NA,"male","Petrikovits 1981a",7,75,"Clothing","Colour production","a collector of purpur shell-fish","conquiliarius"
"134","conditarius","conditarius","i",NA,NA,"male","Petrikovits 1981a",5,53,"Food-Production",NA,"fine cook, foor preparer","conditarius"
"135","conditor","conditor","oris",NA,NA,"male","Petrikovits 1981a",5,53,"Food-Production",NA,"cook, a seasoner, pickler","conditor"
"136","confector","confector","oris",NA,NA,"male","Petrikovits 1981a",7,76,"Miscellaneous Services",NA,"an accomplisher, finisher, a tanner","confector"
"137","confectuarius","confectorarius","i",NA,"confectorarius","male","Waltzing - Rome",5,53,"Food-Production",NA,"a butcher","confectorarius"
"138","confectuarius","confectuarius","i",NA,NA,"male","Petrikovits 1981a",5,53,"Food-Production",NA,"a butcher","confectuarius"
"139","conflator","conflator","oris",NA,NA,"male","Petrikovits 1981a",8,83,"Metal-Working",NA,"a metal-caster","conflator"
"140","copo","copo","onis",NA,NA,"male","Petrikovits 1981a",5,51,"Miscellaneous Services",NA,"innkeeper","copo"
"141","corarianus","corarianus","i",NA,NA,"male","Petrikovits 1981a",7,76,"Clothing",NA,"tanner of leather and hides","corarianus"
"142","corarianus","corarius","i",NA,"corarius","male","Waltzing - Rome",7,76,"Clothing",NA,"tanner of leather and hides","corarius"
"143","corarianus","coriarius","i",NA,"coriarius","male","Waltzing - provinces",7,76,"Clothing",NA,"a tanner, currier","coriarius"
"144","cornicen","cornicen","nis",NA,"cornicen","male","Waltzing - Rome",1,17,"Performing Arts",NA,"a hornblower, trumpeter, cornet-player","cornicen"
"145","coronarius","coronarius","i",NA,"coronarius","male","Waltzing - Rome",8,88,"Miscellaneous Services",NA,"maker of wreaths/crowns","coronarius"
"146","crepidarius","crepidarius","i",NA,NA,"male","Petrikovits 1981a",8,80,"Clothing","Shoe maker","a sandal-maker, shoemaker","crepidarius"
"147","cretaria","cretaria","ae",NA,NA,"male","Petrikovits 1981a",4,43,"Retail",NA,"a shop for Cretan earth, pottery, seller, maker","cretaria"
"148","cretaria","cretarius","i",NA,NA,"male","EDH/EDCS",4,43,"Retail",NA,"a shop for Cretan earth, pottery, pottery maker","cretarius"
"149","culinarius","culinarius","i",NA,"culinarius","male","Waltzing - provinces",5,53,"Food-Production",NA,"pertaining to the kitchen, culinary, kitchen worker","culinarius"
"150","cullearius","cullearius","i",NA,NA,"male","Petrikovits 1981a",8,80,"Household Goods",NA,"maker of a leather bag, sack for liquids","cullearius"
"151","cultellarius","cultellarius","i",NA,NA,"male","Petrikovits 1981a",8,83,"Metal-Working",NA,"maker of a small knife","cultellarius"
"152","cultellarius","cultrarius","i",NA,NA,"male","Petrikovits 1981a",8,83,"Metal-Working",NA,"knife maker, cutler","cultrarius"
"153","cunarius","cunarius","i",NA,NA,"male","Petrikovits 1981a",5,54,"Miscellaneous Services",NA,"nanny, babysitter","cunarius"
"154","cuparius","cuparius","i",NA,"cuparius","male","Waltzing - provinces",8,83,"Metal-Working",NA,"a cooper","cuparius"
"155","curator","curator","oris",NA,"curator","male","Waltzing",2,21,"Managerial",NA,"he who takes charge, a manager, overseer, superintendent, keeper, commissioner, delegate","curator"
"156","curator navium","curator navium","oris",NA,"curator","male","Waltzing - Rome",2,21,"Managerial",NA,"ship manager","curator navium"
"157","custodiarius","custodiarius","i",NA,"custodiarius","male","Waltzing - Rome",5,58,"Miscellaneous Services",NA,"a jailer","custodiarius"
"158","dealbator","dealbator","oris",NA,NA,"male","Petrikovits 1981a",9,93,"Building",NA,"who whitens over, a whitewasher, a pargeter, plasterer","dealbator"
"159","decanus","decanus","i",NA,"decanus","male","Waltzing - Rome",2,22,"Managerial",NA,"A chief of ten, one set over ten persons","decanus"
"160","dendrophorus","dendrophorus","i",NA,"dendrophorus","male","Waltzing - Rome",9,95,"Building","Wood worker","a carpenter","dendrophorus"
"161","diffusor","diffusor","oris",NA,"diffusor","male","Waltzing - provinces",4,43,"Food-Retail",NA,"trader of oil","diffusor"
"162","dissignator","dissignator","oris",NA,"dissignator","male","Waltzing - provinces",2,21,"Managerial",NA,"an undertaker, manager","dissignator"
"163","dolabrarius","dolabrarius","i",NA,"dolabrarius","male","Waltzing - provinces",8,83,"Metal-Working",NA,"a pickaxe-maker","dolabrarius"
"164","dolator","dolator","oris",NA,NA,"male","Petrikovits 1981a",9,95,"Building",NA,"worker with an axe","dolator"
"165","dominus navium","dominus navium","i",NA,"dominus","male","Waltzing - Rome",0,4,"Transport","Maritime/water transport","shipmaster","dominus navium"
"166","dulciarius","dulciarius","i",NA,NA,"male","Petrikovits 1981a",5,53,"Food-Production",NA,"Confectioner, baker","dulciarius"
"167","eborarius","eborarius","i",NA,"eborarius","male","Waltzing - Rome",8,88,"Miscellaneous Services",NA,"a worker in ivory","eborarius"
"168","eborarius","eburarius","i",NA,NA,"male","Petrikovits 1981a",8,88,"Miscellaneous Services",NA,"a worker in ivory","eburarius"
"169","embaenitarius","embaenitarius","i",NA,NA,"male","Petrikovits 1981a",NA,NA,"Unclassified",NA,"uncertain","embaenitarius"
"170","emporus","emporus","i",NA,"emporus","male","Waltzing - provinces",4,45,"Retail",NA,"a trader","emporus"
"171","ephippiarius","ephippiarius","i",NA,NA,"male","Petrikovits 1981a",8,80,"Transport","Land transport","saddler","ephippiarius"
"172","ephippiarius","epippiarius","i",NA,NA,"male","Petrikovits 1981a",8,80,"Transport","Land transport","saddler","epippiarius"
"173","erarius","erarius","i",NA,NA,"male","Petrikovits 1981a",8,83,"Metal-Working",NA,"coppersmith","erarius"
"174","essedarius","essedarius","i",NA,NA,"male","Petrikovits 1981a",5,58,"Miscellaneous Services","Military","a fighter in a war-chariot","essedarius"
"175","exactor auri argenti et aeris","exactor auri argenti et aeris","oris",NA,"exactor","male","Petrikovits 1981a",3,31,"Finance",NA,"overseer of gold and silver money production,a collector of taxes, a tax gatherer","exactor auri argenti et aeris"
"176","exceptor","exceptor","oris",NA,"exceptor","male","Waltzing - Rome",3,32,"Education",NA,"an amanuensis, short-hand writer, scribe","exceptor"
"177","exclussor","exclussor","oris",NA,NA,"male","Petrikovits 1981a",8,83,"Metal-Working",NA,"blacksmith","exclussor"
"178","exclussor","excusor","oris",NA,NA,"male","Petrikovits 1981a",8,83,"Metal-Working",NA,"blacksmith","excusor"
"179","exonerator","exonerator","oris",NA,"exonerator","male","Waltzing - Rome",9,97,"Transport","Land transport","an unloader of calc (calcarii)","exonerator"
"180","extructor","extructor","oris",NA,NA,"male","Petrikovits 1981a",0,2,"Building",NA,"builder","extructor"
"181","faber","faber","ri",NA,"faber","male","Waltzing - Rome",9,99,"Unclassfied",NA,"a worker in wood, stone, metal, etc., a forger, smith, artificer, carpenter, joiner","faber"
"182","faber aciarius","faber","ri","aciarius","faber","male","EDH/EDCS",7,75,"Clothing",NA,"thread maker, textile worker","faber aciarius"
"183","faber aerarius","faber","ri","aerarius","faber","male","Waltzing - Rome",8,83,"Metal-Working",NA,"bronze worker","faber aerarius"
"184","faber anularius","faber","ri","anularius","faber","male","EDH/EDCS",8,88,"Metal-Working",NA,"signet-ring maker","faber anularius"
"185","faber argentarius","faber","ri","argentarius","faber","male","Waltzing - Rome",8,88,"Metal-Working",NA,"silver-smith, money-maker","faber argentarius"
"186","faber carpentarius","faber","ri","carpentarius","faber","male","EDH/EDCS",9,95,"Transport","Land transport","a wheelwright worker","faber carpentarius"
"187","faber centonarius","faber","ri","centonarius","faber","male","Ghent Database Roman Guilds",7,75,"Clothing",NA,"textile maker","faber centonarius"
"188","faber dolabrarius","faber","ri","dolabrarius","faber","male","Waltzing - Rome",8,83,"Metal-Working",NA,"axe maker","faber dolabrarius"
"189","faber ferrarius","faber","ri","ferrarius","faber","male","Waltzing - Rome",8,83,"Metal-Working",NA,"blacksmith","faber ferrarius"
"190","faber intestinarius","faber","ri","intestinarius","faber","male","EDH/EDCS",9,95,"Building",NA,"joiner, wood worker","faber intestinarius"
"191","faber lapidarius","faber","ri","lapidarius","faber","male","EDH/EDCS",7,71,"Building",NA,"stone worker, letter cutter","faber lapidarius"
"192","faber lectarius","faber","ri","lectarius","faber","male","EDH/EDCS",8,81,"Household Goods",NA,"couch maker","faber lectarius"
"193","faber limarius","faber","ri","limarius","faber","male","EDH/EDCS",8,83,"Clothing",NA,"file cutter, maker, textile worker","faber limarius"
"194","faber navalis","faber","ri","navalis","faber","male","Waltzing - Rome",9,95,"Transport","Maritime/water transport","boat constructors","faber navalis"
"195","faber subaedianus","faber","ri","subaedianus","faber","male","Ghent Database Roman Guilds",NA,NA,"Unclassified",NA,"unspecified house worker","faber subaedianus"
"196","faber tignarius","faber","ri","tignarius","faber","male","Waltzing - Rome",0,2,"Building",NA,"builder","faber tignarius"
"197","faber tignarius","faber","ri","tignuarius","faber","male","Waltzing - Rome",0,2,"Building",NA,"builder","faber tignuarius"
"198","fabricator","fabricator","oris",NA,NA,"male","Petrikovits 1981a",9,94,"Miscellaneous Services",NA,"manufacturer, an artificer, framer, forger, contriver, fabricator","fabricator"
"199","fabricensis","fabricensis","ensis",NA,"fabricensis","male","Waltzing - provinces",8,83,"Metal-Working",NA,"an armorer","fabricensis"
"200","fabricensis","fabriciensis","ensis",NA,NA,"male","Petrikovits 1981a",8,83,"Metal-Working",NA,"an armorer","fabriciensis"
"201","fabricensis","fabriciensius","i",NA,NA,"male","Petrikovits 1981b",8,83,"Metal-Working",NA,"an armorer","fabriciensius"
"202","fabricensis","fabriciesis","esis",NA,NA,"male","Petrikovits 1981a",8,83,"Metal-Working",NA,"an armorer","fabriciesis"
"203","factor","factor","oris",NA,NA,"male","Petrikovits 1981a",6,61,"Food-Production",NA,"an oil-presser","factor"
"204","faenarius","faenarius","i",NA,"faenarius","male","Waltzing - Rome",3,39,"Finance",NA,"one who lends money on interest","faenarius"
"205","falancarius","falancarius","i",NA,"falancarius","male","Waltzing - Rome",9,97,"Transport","Land transport","one who carries burdens with the aid of a long pole","falancarius"
"206","farmacopola","farmacopola","ae",NA,"farmacopola","male","Waltzing - provinces",0,6,"Miscellaneous Services",NA,"druggist","farmacopola"
"207","ferrarius","ferrarius","i",NA,NA,"male","Petrikovits 1981a",8,83,"Metal-Working",NA,"iron smith","ferrarius"
"208","ferrius","ferrius","i",NA,NA,"male","Petrikovits 1981a",8,83,"Metal-Working",NA,"worker with iron","ferrius"
"209","fictiliarius","fictiliarius","i",NA,NA,"male","Petrikovits 1981a",8,89,"Household Goods",NA,"potter","fictiliarius"
"210","fidicinus","fidicinus","i",NA,"fidicinus","male","Waltzing - Rome",1,17,"Performing Arts",NA,"lute player","fidicinus"
"211","figulus","figelus","i",NA,NA,"male","Petrikovits 1981a",8,89,"Household Goods",NA,"a potter","figelus"
"212","figulus","figlinator","oris",NA,NA,"male","Petrikovits 1981a",8,89,"Household Goods",NA,"a potter","figlinator"
"213","figulus","figlus","i",NA,NA,"male","Petrikovits 1981a",8,89,"Household Goods",NA,"a potter","figlus"
"214","figulus","figularius","i",NA,NA,"male","Petrikovits 1981a",8,89,"Household Goods",NA,"a potter","figularius"
"215","figulus","figulator","oris",NA,NA,"male","Petrikovits 1981a",8,89,"Household Goods",NA,"a potter","figulator"
"216","figulus","figulus","i",NA,"figulus","male","Waltzing - Rome",8,89,"Household Goods",NA,"a potter","figulus"
"217","finctor","fictor","oris",NA,NA,"male","Petrikovits 1981a",1,16,"Plastic Arts",NA,"a moulder, sculptor, image-maker, statuary","fictor"
"218","finctor","finctor","oris",NA,NA,"male","Petrikovits 1981a",1,16,"Plastic Arts",NA,"a moulder, sculptor, image-maker, statuary","finctor"
"219","flator","flator","oris",NA,NA,"male","Petrikovits 1981a",8,83,"Metal-Working",NA,"a blower of a windinstrument, caster","flator"
"220","flaturarius","flaturarius","i",NA,NA,"male","Petrikovits 1981a",8,83,"Metal-Working",NA,"a caster","flaturarius"
"221","florentinarius","florentinarius","i",NA,NA,"male","Petrikovits 1981a",NA,NA,"Unclassified",NA,"uncertain","florentinarius"
"222","focarius","focarius","i",NA,"focarius","male","Waltzing - provinces",5,53,"Food-Production",NA,"a kitchen-boy; a kitchen-maid, cook","focarius"
"223","fontanus","fontanus","i",NA,"fontanus","male","Waltzing - provinces",9,95,"Water-Management",NA,"of a spring, from a fountain, spring, worker?","fontanus"
"224","forensis","forensis","is",NA,"forensis","male","Waltzing - provinces",2,22,"Managerial",NA,"of or belonging to the market or forum, public, trader, a public pleader, advocate","forensis"
"225","fornacator","fornacator","oris",NA,NA,"male","Petrikovits 1981a",9,95,"Water-Management",NA,"the heater of a bath-furnace, a bath-heater","fornacator"
"226","fosor","fosor","oris",NA,NA,"male","Petrikovits 1981a",9,97,"Building",NA,"a digger, delver, ditcher","fosor"
"227","fosor","fossor","oris",NA,NA,"male","Petrikovits 1981a",9,97,"Building",NA,"a digger, delver, ditcher","fossor"
"228","frumentarius","frumentarius","i",NA,NA,"male","EDH/EDCS",4,43,"Retail",NA,"trader with corn","frumentarius"
"229","fullo","fullo","onis",NA,"fullo","male","Waltzing - Rome",7,75,"Clothing",NA,"a cloth-fuller","fullo"
"230","funerarius","funerarius","i",NA,NA,"male","Petrikovits 1981a",5,59,"Death-care sector",NA,"mortician","funerarius"
"231","funerarius","funerator","oris",NA,NA,"male","Petrikovits 1981a",5,59,"Death-care sector",NA,"mortician","funerator"
"232","furnaria","furnaria","ae",NA,NA,"female","Petrikovits 1981a",5,53,"Food-Production",NA,"female baker, stove builder","furnaria"
"233","furnarius","furnarius","i",NA,NA,"male","Petrikovits 1981a",5,53,"Food-Production",NA,"baker, stove builder","furnarius"
"234","gallicarius","gallicarius","i",NA,NA,"male","Petrikovits 1981a",8,80,"Clothing","Shoe maker","special shoe type maker and seller","gallicarius"
"235","gallinarius","gallinarius","i",NA,"gallinarius","male","Waltzing - provinces",6,62,"Food-Production",NA,"a keeper of poultry","gallinarius"
"236","gaunacarius","gaunacarius","i",NA,NA,"male","Petrikovits 1981a",7,75,"Clothing",NA,"furrier","gaunacarius"
"237","gemmarius","gemmarius","i",NA,NA,"male","Petrikovits 1981a",1,16,"Plastic Arts",NA,"gem maker, carver","gemmarius"
"238","gerulus","gerulus","i",NA,"gerulus","male","Waltzing - Rome",9,97,"Transport","Land transport","a carrier, porter","gerulus"
"239","gisiarius","gisiarius","i",NA,"gisiarius","male","Waltzing - provinces",9,95,"Transport","Land transport","The maker / driver of a cabriolet","gisiarius"
"240","gladiarius","gladiarius","i",NA,NA,"male","Petrikovits 1981a",8,83,"Metal-Working",NA,"a sword-cutler","gladiarius"
"241","gladiator","gladiator","oris",NA,"gladiator","male","Waltzing - Rome",1,17,"Performing Arts",NA,"gladiator","gladiator"
"242","glutinarius","glutinarius","i",NA,NA,"male","Petrikovits 1981a",7,74,"Miscellaneous Services",NA,"glue boiler, glue maker","glutinarius"
"243","glutinator","glutinator","oris",NA,NA,"male","Petrikovits 1981a",7,74,"Miscellaneous Services",NA,"a gluer together of books, a bookbinder, papyrusbinder","glutinator"
"244","gypsarius","gupsarius","i",NA,NA,"male","Petrikovits 1981a",9,95,"Building",NA,"plaster worker","gupsarius"
"245","gypsarius","gypsarius","i",NA,NA,"male","Petrikovits 1981a",9,95,"Building",NA,"plaster worker","gypsarius"
"246","harenarius","arenarius","i",NA,"arenarius","male","Waltzing - provinces",1,17,"Performing Arts",NA,"harenarius, combatant in the amphitheatre, a gladiator","arenarius"
"247","harenarius","harenarius","i",NA,"harenarius","male","Waltzing - provinces",1,17,"Performing Arts",NA,"A combatant in the amphitheatre, a gladiator or A teacher of the elements of arithmetic","harenarius"
"248","hastifer","hastifer","eris",NA,"hastifer","male","Waltzing - provinces",5,58,"Miscellaneous Services",NA,"city militia","hastifer"
"249","holitor","hilitor","oris",NA,NA,"male","Petrikovits 1981a",6,63,"Food-Production",NA,"gardener, vegetable gardener","hilitor"
"250","holitor","holitor","oris",NA,NA,"male","Petrikovits 1981a",6,63,"Food-Production",NA,"gardener, vegetable gardener","holitor"
"251","horrearius","horrearius","i",NA,"horrearius","male","Waltzing - Rome",2,22,"Managerial",NA,"the superintendent of a storehouse","horrearius"
"252","hortolanus","hortolanus","i",NA,NA,"male","Petrikovits 1981a",5,55,"Miscellaneous Services",NA,"gardener","hortolanus"
"253","hortolanus","hortulanus","i",NA,NA,"male","Petrikovits 1981b",5,55,"Miscellaneous Services",NA,"gardener","hortulanus"
"254","imaginarius","imaginarius","i",NA,NA,"male","Petrikovits 1981a",1,16,"Plastic Arts",NA,"painter","imaginarius"
"255","inaurator","inaurator","oris",NA,"inaurator","male","Waltzing - Rome",8,88,"Metal-Working",NA,"a gilder","inaurator"
"256","infector","infector","oris",NA,NA,"male","Petrikovits 1981a",7,75,"Clothing","Colour production","a dyer","infector"
"257","inpiliarius","impiliarius","i",NA,NA,"male","Petrikovits 1981a",8,80,"Clothing","Shoe maker","slipper maker, shoe maker","impiliarius"
"258","inpiliarius","inpiliarius","i",NA,NA,"male","Petrikovits 1981a",8,80,"Clothing","Shoe maker","slipper maker, felt shoe maker","inpiliarius"
"259","institor","institor","oris",NA,NA,"male","Petrikovits 1981a",4,45,"Retail",NA,"a factor, broker, huckster, hawker, peddler","institor"
"260","intestinarius","intestinarius","i",NA,NA,"male","Petrikovits 1981a",8,82,"Building","Wood worker","woodworker","intestinarius"
"261","intestinarius","intestinus","i",NA,NA,"male","Petrikovits 1981a",8,82,"Building","Wood worker","woodworker","intestinus"
"262","inundatoris","inundatoris","is",NA,"inundatoris","male","Waltzing - Rome",NA,NA,"Unclassified",NA,"unclear","inundatoris"
"263","iumentarius","iumentarius","i",NA,"iumentarius","male","Waltzing - Rome",9,97,"Transport","Land transport","of or belonging to draught-cattle","iumentarius"
"264","iumentarius","jumentarius","i",NA,"jumentarius","male","Waltzing - Rome",9,97,"Transport","Land transport","of or belonging to draught-cattle","jumentarius"
"265","lactarius","lactarius","i",NA,NA,"male","Petrikovits 1981a",5,53,"Food-Production",NA,"food preparer with milk","lactarius"
"266","lactarius","lactearius","i",NA,NA,"male","Petrikovits 1981a",5,53,"Food-Production",NA,"food preparer with milk","lactearius"
"267","lanarius","lanarius","i",NA,"lanarius","male","Waltzing - provinces",7,75,"Clothing",NA,"a worker in wool","lanarius"
"268","laniarius","laniarius","i",NA,NA,"male","Petrikovits 1981a",5,53,"Food-Production",NA,"a butcher","laniarius"
"269","lanifica","lanifica","ae",NA,NA,"female","Petrikovits 1981b",7,75,"Clothing",NA,"female wool-spinner","lanifica"
"270","lanificus","lanificus","i",NA,NA,"male","Petrikovits 1981a",7,75,"Clothing",NA,"a wool-spinner","lanificus"
"271","lanionus","lanionus","i",NA,"lanionus","male","Waltzing - provinces",7,77,"Food-Production",NA,"of or belonging to a butcher","lanionus"
"272","lanipendius","lanipendia","ae",NA,NA,"male","Petrikovits 1981b",7,75,"Clothing",NA,"one who weighs out wool","lanipendia"
"273","lanipendius","lanipendius","i",NA,NA,"male","Petrikovits 1981a",7,75,"Clothing",NA,"one who weighs out wool","lanipendius"
"274","lanius","lanio","onis",NA,NA,"male","Petrikovits 1981a",7,77,"Food-Production",NA,"a butcher","lanio"
"275","lanius","lanius","i",NA,"lanius","male","Waltzing - Rome",7,77,"Food-Production",NA,"a butcher","lanius"
"276","lanternarius","lanternarius","i",NA,NA,"male","Petrikovits 1981a",8,81,"Household Goods",NA,"lamp maker","lanternarius"
"277","lapicida","lapicida","ae",NA,NA,"male","Petrikovits 1981a",7,71,"Building","Stone worker","a quarryman, stone-cutter","lapicida"
"278","lapicida","lapicidinarius","i",NA,NA,"male","Petrikovits 1981a",7,71,"Building","Stone worker","a quarryman, stone-cutter","lapicidinarius"
"279","lapicida","lapidicida","ae",NA,NA,"male","Petrikovits 1981a",7,71,"Building","Stone worker","a quarryman, stone-cutter","lapidicida"
"280","lapidarius","lapidarius","i",NA,"lapidarius","male","Waltzing - provinces",7,71,"Building","Stone worker","stone-cutter","lapidarius"
"281","laquearius","laquearius","i",NA,NA,"male","Petrikovits 1981a",9,95,"Building",NA,"one that makes panelled ceilings, a ceiling-maker","laquearius"
"282","lavator","lavator","oris",NA,NA,"male","Petrikovits 1981a",7,75,"Clothing",NA,"a clothes-washer","lavator"
"283","lecticarius","lecticarius","i",NA,"lecticarius","male","Waltzing - Rome",5,53,"Food-Production",NA,"a cook","lecticarius"
"284","lectuarius","lectarius","i",NA,NA,"male","Petrikovits 1981a",8,81,"Household Goods",NA,"a couch-maker","lectarius"
"285","lectuarius","lectuarius","i",NA,NA,"male","Petrikovits 1981a",8,81,"Household Goods",NA,"a couch-maker","lectuarius"
"286","legulus","legulus","i",NA,NA,"male","Petrikovits 1981a",6,61,"Food-Production",NA,"a gatherer, collector; esp. one who picked up the fallen olives","legulus"
"287","lenuncularius","lenuncularius","i",NA,"lenuncularius","male","Waltzing - Rome",9,98,"Transport","Maritime/water transport","one who sails in a small vessel","lenuncularius"
"288","libarius","libarius","i",NA,NA,"male","Petrikovits 1981a",5,53,"Food-Production",NA,"a pastry-cook, confectioner","libarius"
"289","libitinarius","libitinarius","i",NA,NA,"male","Petrikovits 1981a",5,59,"Death-care sector",NA,"an undertaker, mortician","libitinarius"
"290","librator","librator","oris",NA,NA,"male","Petrikovits 1981a",0,2,"Miscellaneous Services",NA,"a leveller, esp. by means of a water-level, a surveyor","librator"
"291","lignarius","lignarius","i",NA,"lignarius","male","Waltzing - provinces",9,95,"Building","Wood worker","A worker in wood, a carpenter, joiner","lignarius"
"292","limarius","limarius","i",NA,NA,"male","Petrikovits 1981a",8,83,"Clothing",NA,"file cutter, maker","limarius"
"293","lintarius","linarius","i",NA,"linarius","male","Waltzing - provinces",7,75,"Clothing",NA,"a linen-weaver, dealer in linen","linarius"
"294","lintarius","lintarius","i",NA,"lintarius","male","Waltzing - provinces",7,75,"Clothing",NA,"a linen-weaver, dealer in linen","lintarius"
"295","lintarius","linteator","oris",NA,NA,"male","Petrikovits 1981a",7,75,"Clothing",NA,"a linen-weaver, dealer in linen","linteator"
"296","lintarius","linteo","onis",NA,NA,"male","Petrikovits 1981a",7,75,"Clothing",NA,"a linen-weaver, dealer in linen","linteo"
"297","lintarius","lintiarius","i",NA,"lintiarius","male","Waltzing - provinces",7,75,"Clothing",NA,"a linen-weaver, dealer in linen","lintiarius"
"298","lintarius","lintio","onis",NA,NA,"male","Petrikovits 1981a",7,75,"Clothing",NA,"a linen-weaver, dealer in linen","lintio"
"299","lintearius","lintearius","i",NA,"lintearius","male","Waltzing - Rome",9,98,"Transport","Maritime/water transport","a boatman, waterman","lintearius"
"300","lintearius","lintrarius","i",NA,"lintrarius","male","Waltzing - Rome",9,98,"Transport","Maritime/water transport","a boatman, waterman","lintrarius"
"301","liticinus","liticinus","i",NA,"liticinus","male","Waltzing - Rome",1,17,"Performing Arts",NA,"a player on the clarion","liticinus"
"302","locularius","loclarius","i",NA,NA,"male","Petrikovits 1981a",5,59,"Death-care sector",NA,"casket maker, coffin maker","loclarius"
"303","locularius","locularius","i",NA,NA,"male","Petrikovits 1981a",5,59,"Death-care sector",NA,"casket maker, coffin maker","locularius"
"304","lorarius","lorarius","i",NA,NA,"male","Petrikovits 1981a",8,80,"Miscellaneous Services","Military","a harness-maker","lorarius"
"305","loricarius","loricarius","i",NA,NA,"male","Petrikovits 1981a",8,83,"Miscellaneous Services","Military","maker of lorica, cuirass","loricarius"
"306","lotor","lotor","oris",NA,NA,"male","Petrikovits 1981a",7,75,"Clothing",NA,"a clothes-washer","lotor"
"307","lotorus","lotorus","i",NA,"lotorus","male","Waltzing - provinces",7,75,"Clothing",NA,"fuller, clening wool","lotorus"
"308","lucernarius","lucernarius","i",NA,NA,"male","Petrikovits 1981a",9,94,"Household Goods",NA,"lamp maker","lucernarius"
"309","lupinarius","lupinarius","i",NA,"lupinarius","male","Waltzing - Rome",4,43,"Food-Retail",NA,"dealers in lupines","lupinarius"
"310","lyntrarius","lyntrarius","i",NA,"lyntrarius","male","Waltzing - provinces",9,95,"Transport","Maritime/water transport","raft-maker","lyntrarius"
"311","macellarius","macellarius","i",NA,"macellarius","male","Waltzing - provinces",7,77,"Food-Production",NA,"butcher","macellarius"
"312","machinarius","machinarius","i",NA,NA,"male","Petrikovits 1981a",9,95,"Building",NA,"a machinist, machine-builder,","machinarius"
"313","machinator","machinator","oris",NA,NA,"male","Petrikovits 1981a",0,2,"Miscellaneous Services",NA,"a maker of machines, a machinist, an engineer, architect","machinator"
"314","magnarius","magnarius","i",NA,"magnarius","male","Waltzing - Rome",4,43,"Retail",NA,"a dealer in gross, wholesale dealer","magnarius"
"315","malleator","malleator","oris",NA,NA,"male","Petrikovits 1981a",8,83,"Miscellaneous Services",NA,"worker with hammer, coinstrucker","malleator"
"316","malleator","malliator","oris",NA,NA,"male","Petrikovits 1981a",8,83,"Miscellaneous Services",NA,"worker with hammer, coinstrucker","malliator"
"317","manicarius","manicarius","i",NA,NA,"male","Petrikovits 1981a",8,83,"Miscellaneous Services",NA,"manufacturers of manicae, bangages for gladiator sword","manicarius"
"318","manticularius","manticularius","i",NA,"manticularius","male","Waltzing - provinces",7,79,"Clothing",NA,"manufacturer of a small wallet, purse, pouch","manticularius"
"319","manupretiarius","manupretiarius","i",NA,NA,"male","Petrikovits 1981a",9,99,"Unclassified",NA,"uncertain, unspecified worker, for hourly wage","manupretiarius"
"320","margaritarius","margaritarius","i",NA,NA,"male","Petrikovits 1981a",4,43,"Retail",NA,"a dealer in pearls, a pearl-fisher","margaritarius"
"321","marmorarius","marmarius","i",NA,NA,"male","Petrikovits 1981a",9,95,"Building","Stone worker","marble worker","marmarius"
"322","marmorarius","marmorarienses","ae",NA,NA,"male","Petrikovits 1981a",9,95,"Building","Stone worker","marble worker","marmorarienses"
"323","marmorarius","marmorarius","i",NA,"marmorarius","male","Waltzing - Rome",9,95,"Building","Stone worker","marble worker","marmorarius"
"324","materiarius","materiarius","i",NA,NA,"male","Petrikovits 1981a",9,95,"Building","Wood worker","wood-worker","materiarius"
"325","medicator","medicator","oris",NA,"medicator","male","Waltzing - provinces",0,6,"Miscellaneous Services",NA,"a physician","medicator"
"326","medicus","medicus","i",NA,"medicus","male","Waltzing - Rome",0,6,"Miscellaneous Services",NA,"a surgeon","medicus"
"327","mensor","mensor","oris",NA,"mensor","male","Waltzing - Rome",0,2,"Miscellaneous Services",NA,"a measurer, surveyor","mensor"
"328","mensor","mesor","oris",NA,NA,"male","Petrikovits 1981a",0,2,"Miscellaneous Services",NA,"a measurer, surveyor","mesor"
"329","mercator","mercator","oris",NA,"mercator","male","Waltzing - Rome",4,45,"Retail",NA,"trader","mercator"
"330","metator","metator","oris",NA,NA,"male","Petrikovits 1981a",0,2,"Miscellaneous Services",NA,"one who marks off, fixer of boundaries, surveyor","metator"
"331","mimus","mimus","i",NA,"mimus","male","Waltzing - Rome",1,17,"Performing Arts",NA,"mime","mimus"
"332","molendarius","molendarius","i",NA,"molendarius","male","Waltzing - Rome",6,61,"Food-Production",NA,"miller","molendarius"
"333","molendarius","molendinarius","i",NA,NA,"male","Petrikovits 1981a",6,61,"Food-Production",NA,"worker in a mill","molendinarius"
"334","molinarius","molator","oris",NA,NA,"male","Petrikovits 1981a",6,61,"Food-Production",NA,"miller","molator"
"335","molinarius","molinarius","i",NA,NA,"male","Petrikovits 1981a",6,61,"Food-Production",NA,"miller","molinarius"
"336","molinarius","molitor","oris",NA,NA,"male","Petrikovits 1981a",6,61,"Food-Production",NA,"miller","molitor"
"337","monetarius","monetarius","i",NA,"monetarius","male","Waltzing - Rome",3,31,"Finance",NA,"a master of the mint","monetarius"
"338","montanarius","montanarius","i",NA,NA,"male","Petrikovits 1981a",5,59,"Death-care sector",NA,"grave digger","montanarius"
"339","moritex","moritex","icis",NA,NA,"male","Petrikovits 1981a",NA,NA,"Unclassified",NA,"unclear","moritex"
"340","mulionus","mulionus","i",NA,"mulionus","male","Waltzing - provinces",9,98,"Transport","Land transport","of a mule-driver","mulionus"
"341","multiciarius","multiciarius","i",NA,NA,"male","Petrikovits 1981a",7,79,"Clothing",NA,"a soft dress, delicate garment seller","multiciarius"
"342","musaearius","musaearius","i",NA,NA,"male","Petrikovits 1981a",1,16,"Plastic Arts",NA,"mosaicer, maker of mosaic","musaearius"
"343","musaearius","musarius","i",NA,NA,"male","Petrikovits 1981a",1,16,"Plastic Arts",NA,"mosaicer, maker of mosaic","musarius"
"344","musaearius","museiarius","i",NA,NA,"male","Petrikovits 1981a",1,16,"Plastic Arts",NA,"mosaicer, maker of mosaic","museiarius"
"345","musivarius","musivarius","i",NA,NA,"male","Petrikovits 1981a",NA,NA,"Unclassified",NA,"unclear","musivarius"
"346","nauclerus","nauclerus","i",NA,"nauclerus","male","Waltzing - provinces",0,4,"Transport","Maritime/water transport","a shipowner, a ship-master, skipper","nauclerus"
"347","naupegiarius","naupegiarius","i",NA,NA,"male","Petrikovits 1981a",9,95,"Transport","Maritime/water transport","a shipbuilder, shipwright, ship-carpenter","naupegiarius"
"348","naupegiarius","naupegus","i",NA,NA,"male","Petrikovits 1981a",9,95,"Transport","Maritime/water transport","a shipbuilder, shipwright, ship-carpenter","naupegus"
"349","nauta","nauta","ae",NA,"nauta","male","Waltzing - Rome",9,98,"Transport","Maritime/water transport","a sailor, seaman, mariner, merchant","nauta"
"350","nauticarius","nauticarius","i",NA,"nauticarius","male","Waltzing - Rome",0,4,"Transport","Maritime/water transport","a shipmaster","nauticarius"
"351","navalis","navalis","is",NA,NA,"male","Petrikovits 1981a",9,98,"Transport","Maritime/water transport","sailors, seamen","navalis"
"352","navicularius","nauicularius","i",NA,"nauicularius","male","Waltzing - Rome",0,4,"Transport","Maritime/water transport","a ship-owner who hires out vessels for money, a ship-master, merchant","nauicularius"
"353","navicularius","navicularius","i",NA,"navicularius","male","Waltzing - Rome",0,4,"Transport","Maritime/water transport","a ship-owner who hires out vessels for money, a ship-master, merchant","navicularius"
"354","navigans","navigans","ntis",NA,"navigans","male","Waltzing - Rome",9,98,"Transport","Maritime/water transport","one who sails in a small vessel","navigans"
"355","navigator","navigator","oris",NA,"navigator","male","Waltzing - Rome",9,98,"Transport","Maritime/water transport","sailor","navigator"
"356","navigiarius","navigiarius","i",NA,"navigiarius","male","Waltzing - Rome",9,98,"Transport","Maritime/water transport","one who sails in a small vessel","navigiarius"
"357","negotians","negotians","ntis",NA,"negotians","male","Waltzing - Rome",4,45,"Retail",NA,"trader","negotians"
"358","negotians ferrarius","negotians","ntis","ferrarius",NA,"male","EDH/EDCS",4,45,"Retail",NA,"trader of metal","negotians ferrarius"
"359","negotians ferrarius","negotiator","oris","ferrarius",NA,"male","EDH/EDCS",4,43,"Retail",NA,"metal trader","negotiator ferrarius"
"360","negotians materiarius","negotians","ntis","materiarius",NA,"male","EDH/EDCS",4,45,"Retail",NA,"trader of timber","negotians materiarius"
"361","negotians materiarius","negotiator","oris","materiarius",NA,"male","EDH/EDCS",4,43,"Retail",NA,"timber trader","negotiator materiarius"
"362","negotiator","negotiator","oris",NA,"negotiator","male","Waltzing - Rome",4,43,"Retail",NA,"one who does business by wholesale, a wholesale dealer, a banker, a factor","negotiator"
"363","negotiator allecarius","negotiator","oris","allecarius",NA,"male","EDH/EDCS",4,43,"Retail",NA,"trader with fish-sauce","negotiator allecarius"
"364","negotiator artis macellariae","negotiator artis macellariae","oris",NA,"negotiator","male","EDH/EDCS",4,43,"Retail",NA,"trader with butcher's products","negotiator artis macellariae"
"365","negotiator artis prossariae","negotiator artis prossariae","oris",NA,"negotiator","male","EDH/EDCS",4,43,"Retail",NA,"trader with textile products","negotiator artis prossariae"
"366","negotiator artis purpurariae","negotiator artis purpurariae","oris",NA,"negotiator","male","EDH/EDCS",4,43,"Retail",NA,"trader with textile purple dyed products","negotiator artis purpurariae"
"367","negotiator artis ratiariae","negotiator artis ratiariae","oris",NA,"negotiator","male","EDH/EDCS",4,43,"Retail",NA,"trader with rafts ?","negotiator artis ratiariae"
"368","negotiator artis vestiariae","negotiator artis vestiariae","oris",NA,"negotiator","male","EDH/EDCS",4,43,"Retail",NA,"trader with textiles","negotiator artis vestiariae"
"369","negotiator artis vestiariae","negotiator artis vestiariae et lintiariae","oris",NA,"negotiator","male","EDH/EDCS",4,43,"Retail",NA,"trader with textiles","negotiator artis vestiariae et lintiariae"
"370","negotiator boarius","negotiator","oris","boarius",NA,"male","EDH/EDCS",4,43,"Retail",NA,"trader with cattle","negotiator boarius"
"371","negotiator boarius","negotiator","oris","iuvencarius","negotiator","male","EDH/EDCS",4,43,"Retail",NA,"young cattle trader","negotiator iuvencarius"
"372","negotiator boarius","negotiator campi pecuarii","oris",NA,"negotiator","male","EDH/EDCS",4,43,"Retail",NA,"trader with cattle","negotiator campi pecuarii"
"373","negotiator boarius","negotiator suariae et pecuariae","oris",NA,"negotiator","male","EDH/EDCS",4,43,"Retail",NA,"cattle trader","negotiator suariae et pecuariae"
"374","negotiator cervesarius","negotiator","oris","cervesarius",NA,"male","EDH/EDCS",4,43,"Retail",NA,"beer trader ?","negotiator cervesarius"
"375","negotiator cretarius","negotiator","oris","cretarius",NA,"male","EDH/EDCS",4,43,"Retail",NA,"pottery trader","negotiator cretarius"
"376","negotiator cretarius","negotiator artis cretariae","oris",NA,"negotiator","male","EDH/EDCS",4,43,"Retail",NA,"pottery trader","negotiator artis cretariae"
"377","negotiator cretarius","negotiator artis cretariae et vestiariae","oris",NA,"negotiator","male","EDH/EDCS",4,43,"Retail",NA,"pottery trader","negotiator artis cretariae et vestiariae"
"378","negotiator eborarius","negotiator","oris","eborarius",NA,"male","EDH/EDCS",4,43,"Retail",NA,"ivory trader","negotiator eborarius"
"379","negotiator frumentariae et legumenariae","negotiator","oris","frumentarius",NA,"male","EDH/EDCS",4,43,"Retail",NA,"trader with corn","negotiator frumentarius"
"380","negotiator frumentariae et legumenariae","negotiator frumentariae et legumenariae","oris",NA,"negotiator","male","EDH/EDCS",4,43,"Retail",NA,"trader with vegetables and corn","negotiator frumentariae et legumenariae"
"381","negotiator gladiarius","negotiator","oris","gladiarius",NA,"male","EDH/EDCS",4,43,"Retail",NA,"trader with swords","negotiator gladiarius"
"382","negotiator lanarius","negotiator","oris","lanarius",NA,"male","EDH/EDCS",4,43,"Retail",NA,"wool trader","negotiator lanarius"
"383","negotiator lintiarius","negotiator","oris","lintiarius",NA,"male","EDH/EDCS",4,43,"Retail",NA,"linen trader","negotiator lintiarius"
"384","negotiator margaritarius","negotiator","oris","margaritarius",NA,"male","EDH/EDCS",4,43,"Retail",NA,"pearl trader","negotiator margaritarius"
"385","negotiator marmorarius","negotiator","oris","marmorarius",NA,"male","EDH/EDCS",4,43,"Retail",NA,"marble trader","negotiator marmorarius"
"386","negotiator nummularius","negotiator","oris","nummularius",NA,"male","EDH/EDCS",4,43,"Retail",NA,"money trader, money distributor, banker","negotiator nummularius"
"387","negotiator olearius","negotiator","oris","olearius",NA,"male","EDH/EDCS",4,43,"Retail",NA,"oil trader","negotiator olearius"
"388","negotiator sagarius","negotiator","oris","paenularius",NA,"male","EDH/EDCS",4,43,"Retail",NA,"mantle trader","negotiator paenularius"
"389","negotiator sagarius","negotiator","oris","sagarius et pellicarius",NA,"male","EDH/EDCS",4,43,"Retail",NA,"mantle trader","negotiator sagarius et pellicarius"
"390","negotiator sagarius","negotiator","oris","sagarius",NA,"male","EDH/EDCS",4,43,"Retail",NA,"mantle trader","negotiator sagarius"
"391","negotiator salarius","negotiator","oris","salarius",NA,"male","EDH/EDCS",4,43,"Retail",NA,"salt trader","negotiator salarius"
"392","negotiator salsari leguminari","negotiator salsari leguminari","oris",NA,"negotiator","male","EDH/EDCS",4,43,"Retail",NA,"salted vegetables trader","negotiator salsari leguminari"
"393","negotiator sericarius","negotiator","oris","sericarius",NA,"male","EDH/EDCS",4,43,"Retail",NA,"silk trader","negotiator sericarius"
"394","negotiator vascularius","negotiator","oris","vascularius",NA,"male","EDH/EDCS",4,43,"Retail",NA,"goldsmith and silver trader","negotiator vascularius"
"395","negotiator vestiarius","negotiator","oris","vestiarius",NA,"male","EDH/EDCS",4,43,"Retail",NA,"clothes trader","negotiator vestiarius"
"396","negotiator vinarius","negotiator","oris","salsamentarius et vinarius",NA,"male","EDH/EDCS",4,43,"Retail",NA,"wine trader","negotiator salsamentarius et vinarius"
"397","negotiator vinarius","negotiator","oris","vinarius",NA,"male","EDH/EDCS",4,43,"Retail",NA,"wine trader","negotiator vinarius"
"398","negotiator vinarius","negotiator cellarum vinarium","oris",NA,"negotiator","male","EDH/EDCS",4,43,"Retail",NA,"trader with wine","negotiator cellarum vinarium"
"399","negotiator vinarius","negotiator penoris et vinorum","oris",NA,"negotiator","male","EDH/EDCS",4,43,"Retail",NA,"wine trader","negotiator penoris et vinorum"
"400","negotiator vinarius","negotiator vini","oris",NA,"negotiator","male","EDH/EDCS",4,43,"Retail",NA,"wine trader","negotiator vini"
"401","nummularius","nummularius","i",NA,"nummularius","male","Waltzing - Rome",3,33,"Finance",NA,"a money-changer","nummularius"
"402","nummularius","numularius","i",NA,NA,"male","Petrikovits 1981a",3,33,"Finance",NA,"a money-changer","numularius"
"403","oculariarius","oculariarius","i",NA,NA,"male","Petrikovits 1981a",1,16,"Plastic Arts",NA,"artisan, glass eye maker for statues","oculariarius"
"404","ocularius","ocularius","i",NA,NA,"male","EDH/EDCS",0,6,"Miscellaneous Services",NA,"eye doctor, eye related discipline","ocularius"
"405","offector","offector","oris",NA,NA,"male","Petrikovits 1981a",7,75,"Clothing","Colour production","dyer","offector"
"406","offector","offectorus","i",NA,"offectorus","male","Waltzing - provinces",7,75,"Clothing","Colour production","dye maker","offectorus"
"407","officinator","officinator","oris",NA,NA,"male","Petrikovits 1981a",5,51,"Miscellaneous Services",NA,"one who keeps a workshop, a master-workman, an artificer, artist","officinator"
"408","officinatrix","officinatrix","icis",NA,NA,"female","Petrikovits 1981a",5,51,"Miscellaneous Services",NA,"female one who keeps a workshop, a master-workman, an artificer, artist","officinatrix"
"409","olarius","olarius","i",NA,NA,"male","Petrikovits 1981a",8,89,"Household Goods",NA,"potter","olarius"
"410","olarius","ollarius","i",NA,NA,"male","Petrikovts 1981b",8,89,"Household Goods",NA,"potter","ollarius"
"411","olearius","oleareus","i",NA,NA,"male","Petrikovits 1981a",6,61,"Food-Production",NA,"oil-maker, olive oil dealer","oleareus"
"412","olearius","olearius","i",NA,"olearius","male","Waltzing - Rome",6,61,"Food-Production",NA,"oil-maker, olive oil dealer","olearius"
"413","olitor","olitor","oris",NA,"olitor","male","Waltzing - provinces",6,63,"Food-Production",NA,"a kitchen-gardener","olitor"
"414","operarius","operarius","i",NA,NA,"male","Petrikovits 1981a",9,94,"Miscellaneous Services",NA,"a laborer, workman, operative","operarius"
"415","opifex","opifex","icis",NA,"opifex","male","Waltzing - provinces",0,2,"Building",NA,"a worker, workman, mechanic, artisan","opifex"
"416","ornator","ornator","oris",NA,NA,"male","Petrikovits 1981a",5,54,"Miscellaneous Services",NA,"An adorner, dresser","ornator"
"417","ornatrix","ornatrix","icis",NA,NA,"female","Petrikovits 1981a",5,54,"Miscellaneous Services",NA,"female adorner, dresser","ornatrix"
"418","paenularius","paenularius","i",NA,NA,"male","Petrikovits 1981a",7,79,"Clothing",NA,"cloak or mantle maker and seller","paenularius"
"419","palangarius","palangarius","i",NA,"palangarius","male","Waltzing - Rome",5,53,"Food-Retail",NA,"wine bearer","palangarius"
"420","panarius","panarius","i",NA,NA,"male","Petrikovits 1981a",4,45,"Food-Retail",NA,"a bread-seller","panarius"
"421","pantomimus","pantomimus","i",NA,"pantomimus","male","Waltzing - provinces",1,17,"Performing Arts",NA,"a ballet-dancer","pantomimus"
"422","parasitus","parasitus","i",NA,"parasitus","male","Waltzing - provinces",1,17,"Performing Arts",NA,"a player, actor","parasitus"
"423","parietarius","parietarius","i",NA,NA,"male","Petrikovits 1981a",1,16,"Plastic Arts",NA,"a painter","parietarius"
"424","pastilarius","pastilarius","i",NA,"pastilarius","male","Waltzing - Rome",5,53,"Food-Production",NA,"a maker of pastils","pastilarius"
"425","pastilarius","pastillarius","i",NA,NA,"male","Petrikovits 1981a",5,53,"Food-Production",NA,"a maker of pastils","pastillarius"
"426","pausarius","pausarius","i",NA,"pausarius","male","Waltzing - Rome",3,33,"Finance",NA,"A money-changer, banker","pausarius"
"427","pavimentarius","pavimentarius","i",NA,"pavimentarius","male","Waltzing - Rome",9,95,"Building","Stone worker","a maker of pavements","pavimentarius"
"428","pectenarius","pectenarius","i",NA,NA,"male","Petrikovits 1981a",8,81,"Household Goods",NA,"a combmaker","pectenarius"
"429","pectenarius","pectinarius","i",NA,NA,"male","Petrikovits 1981a",8,81,"Household Goods",NA,"a combmaker","pectinarius"
"430","pectenarius","pectinator","oris",NA,NA,"male","Petrikovits 1981a",8,81,"Household Goods",NA,"a combmaker","pectinator"
"431","pecuarius","pecuarius","i",NA,"pecuarius","male","Waltzing - Rome",6,62,"Food-Production",NA,"sheep, cattle breader","pecuarius"
"432","pecuarius","pequarius","i",NA,"pequarius","male","Waltzing - Rome",6,62,"Food-Production",NA,"sheep, cattle breader","pequarius"
"433","pellarius","pellarius","i",NA,NA,"male","Petrikovits 1981a",7,76,"Clothing",NA,"one that prepares skins, a furrier","pellarius"
"434","pellarius","pellio","onis",NA,NA,"male","Petrikovits 1981a",7,76,"Clothing",NA,"one that prepares skins, a furrier","pellio"
"435","pellarius","pellionarius","i",NA,"pellionarius","male","Waltzing - Rome",7,76,"Clothing",NA,"one who prepared skins for the use of soldiers","pellionarius"
"436","peponarius","peponarius","i",NA,"peponarius","male","Waltzing - Rome",4,45,"Food-Retail",NA,"melon seller","peponarius"
"437","pernarius","pernarius","i",NA,NA,"male","Petrikovits 1981a",4,45,"Food-Retail",NA,"a ham-seller","pernarius"
"438","picarius","picarius","i",NA,NA,"male","Petrikovits 1981a",7,74,"Fuel / Raw material",NA,"pitch (resin) boiler","picarius"
"439","pigmentarius","pigmentarius","i",NA,"pigmentarius","male","Waltzing - Rome",4,43,"Retail",NA,"dye seller","pigmentarius"
"440","pincerna","pincerna","ae",NA,NA,"male","Petrikovits 1981a",5,53,"Miscellaneous Services",NA,"cupbearer","pincerna"
"441","pinctor","pictor","oris",NA,NA,"male","Petrikovits 1981a",1,16,"Plastic Arts",NA,"painter","pictor"
"442","pinctor","pinctor","oris",NA,NA,"male","Petrikovits 1981a",1,16,"Plastic Arts",NA,"painter","pinctor"
"443","piscator","piscator","oris",NA,"piscator","male","Waltzing - Rome",6,64,"Food-Production",NA,"a fisherman, fisher","piscator"
"444","piscicapus","piscicapus","i",NA,"piscicapus","male","Waltzing - provinces",6,64,"Food-Production",NA,"a fish-catcher","piscicapus"
"445","pistor","pistor","oris",NA,"pistor","male","Waltzing - Rome",6,61,"Food-Production",NA,"one who pounds corn in a mortar or grinds it in a hand-mill, a miller, a baker","pistor"
"446","pistor","pistur","uris",NA,NA,"male","Petrikovits 1981a",6,61,"Food-Production",NA,"one who pounds corn in a mortar or grinds it in a hand-mill, a miller, a baker","pistur"
"447","plaustrarius","plaustrarius","i",NA,NA,"male","Petrikovits 1981a",9,97,"Transport","Land transport","a vehicle for freight, wagon, wain, cart maker","plaustrarius"
"448","plaustrarius","plostrarius","i",NA,NA,"male","Petrikovits 1981a",9,97,"Transport","Land transport","a vehicle for freight, wagon, wain, cart maker","plostrarius"
"449","plombarius","plombarius","i",NA,NA,"male","Petrikovits 1981a",8,87,"Metal-Working",NA,"a plumber, lead worker","plombarius"
"450","plombarius","plumbarius","i",NA,NA,"male","Petrikovits 1981a",8,87,"Metal-Working",NA,"a plumber, lead worker","plumbarius"
"451","plumarius","plumarius","i",NA,"plumarius","male","Waltzing - Rome",7,79,"Household Goods",NA,"an embroiderer","plumarius"
"452","plutearius","plutearius","i",NA,NA,"male","Petrikovits 1981a",9,95,"Building",NA,"a maker of balustrades","plutearius"
"453","plutearius","plutiarius","i",NA,NA,"male","Petrikovits 1981a",9,95,"Building",NA,"a maker of balustrades","plutiarius"
"454","poeta","poeta","ae",NA,"poeta","male","Waltzing - Rome",1,17,"Performing Arts",NA,"a poet","poeta"
"455","polio","polio","onis",NA,NA,"male","Petrikovits 1981a",5,56,"Miscellaneous Services",NA,"a cultivator, improver, a polisher","polio"
"456","polio","politor","oris",NA,NA,"male","Petrikovits 1981a",5,56,"Miscellaneous Services",NA,"a cultivator, improver, a polisher","politor"
"457","polio","pollio","onis",NA,NA,"male","Petrikovits 1981a",5,56,"Miscellaneous Services",NA,"a cultivator, improver, a polisher","pollio"
"458","pollinctor","pollictor","oris",NA,NA,"male","Petrikovits 1981a",5,59,"Death-care sector",NA,"corpse washer and preparer","pollictor"
"459","pollinctor","pollinctor","oris",NA,NA,"male","Petrikovits 1981a",5,59,"Death-care sector",NA,"corpse washer and preparer","pollinctor"
"460","pomarius","pomarius","i",NA,"pomarius","male","Waltzing - provinces",4,45,"Food-Retail",NA,"of fruit, of fruittrees seller","pomarius"
"461","popinarius","popinarius","i",NA,NA,"male","Petrikovits 1981a",5,53,"Food-Retail",NA,"a cook-shop, eatinghouse, low tavern owner","popinarius"
"462","popinarius","popinator","oris",NA,NA,"male","Petrikovits 1981a",5,53,"Food-Retail",NA,"a cook-shop, eatinghouse, low tavern owner","popinator"
"463","porcinarius","porcinarius","i",NA,"porcinarius","male","Waltzing - Rome",6,62,"Food-Production",NA,"pig breader","porcinarius"
"464","possessor","possessor","oris",NA,"possessor","male","Waltzing - provinces",2,22,"Managerial",NA,"a possessor, owner","possessor"
"465","professor","professor","oris",NA,"professor","male","Waltzing - provinces",1,13,"Education",NA,"a public teacher","professor"
"466","promus","promus","i",NA,NA,"male","Petrikovits 1981a",5,53,"Miscellaneous Services",NA,"a cellarer, steward, butler","promus"
"467","propola","propola","ae",NA,"propola","male","Waltzing - provinces",4,45,"Retail",NA,"a forestaller, retailer, huckster","propola"
"468","psecas","psecas","adis",NA,NA,"female","Petrikovits 1981a",5,57,"Miscellaneous Services",NA,"a female slave who perfumed her mistress's hair","psecas"
"469","pugillariarius","pugillariarius","i",NA,NA,"male","Petrikovits 1981a",7,73,"Miscellaneous Services",NA,"maker of small writing boards","pugillariarius"
"470","purpurarius","purpurarius","i",NA,NA,"male","Petrikovits 1981a",7,75,"Clothing","Colour production","purple colour dyer","purpurarius"
"471","quadratatorius","quadratarius","i",NA,NA,"male","Petrikovits 1981a",9,95,"Building","Stone worker","stonemason","quadratarius"
"472","quadratatorius","quadratatorius","i",NA,NA,"male","Petrikovits 1981a",9,95,"Building","Stone worker","stonemason","quadratatorius"
"473","quadrigularius","quadrigularius","i",NA,NA,"male","Petrikovits 1981a",1,16,"Plastic Arts",NA,"a painter","quadrigularius"
"474","quasillaria","quasillaria","ae",NA,NA,"female","Petrikovits 1981a",7,75,"Clothing",NA,"a basketwench, spinning-girl","quasillaria"
"475","ratiarius","ratiarius","i",NA,"ratiarius","male","Waltzing - provinces",9,98,"Transport","Maritime/water transport","a raftsman, lighterman","ratiarius"
"476","redemptor","redemptor","oris",NA,NA,"male","Petrikovits 1981a",5,53,"Food-Production",NA,"a miller, bread-maker, baker","redemptor"
"477","refector pectinarius","refector pectinarius","oris",NA,"refector","male","Petrikovits 1981a",8,81,"Household Goods",NA,"a restorer, repairer of combs","refector pectinarius"
"478","resinaria","resinaria","ae",NA,NA,"female","Petrikovits 1981a",7,74,"Fuel / Raw material",NA,"female resin maker","resinaria"
"479","restiarius","restiarius","i",NA,NA,"male","Petrikovits 1981a",4,43,"Retail",NA,"A ropemaker, rope-seller","restiarius"
"480","restiarius","resticularius","i",NA,NA,"male","Petrikovits 1981a",4,43,"Retail",NA,"A ropemaker, rope-seller","resticularius"
"481","restiarius","restio","onis",NA,"restio","male","Waltzing - Rome",4,43,"Retail",NA,"A ropemaker, rope-seller","restio"
"482","retiarius","retiarius","i",NA,"retiarius","male","Waltzing - provinces",1,17,"Performing Arts",NA,"a gladiator who used a net to entangle his adversary, net-fighter","retiarius"
"483","rosarius","rosarius","i",NA,"rosarius","male","Waltzing - Rome",4,43,"Retail",NA,"seller of roses","rosarius"
"484","saburrarius","saburrarius","i",NA,"saburrarius","male","Waltzing - Rome",9,97,"Transport","Maritime/water transport","one who carries ballast to ships","saburrarius"
"485","saccarius","sacarius","i",NA,NA,"male","Petrikovits 1981a",9,97,"Transport","Land transport","one who carries sacks, sack maker","sacarius"
"486","saccarius","saccarius","i",NA,"saccarius","male","Waltzing - Rome",9,97,"Transport","Land transport","one who carries sacks, sack maker","saccarius"
"487","sacomarius","sacomarius","i",NA,NA,"male","Petrikovits 1981a",8,83,"Miscellaneous Services",NA,"one who makes counterpoises or weights ","sacomarius"
"488","sagarius","sagarius","i",NA,"sagarius","male","Waltzing - Rome",4,43,"Retail",NA,"a dealer in mantles","sagarius"
"489","sagittarius","sagittarius","i",NA,NA,"male","Petrikovits 1981a",8,83,"Metal-Working",NA,"arrow-makers, arrow-smiths","sagittarius"
"490","salarius","salarius","i",NA,"salarius","male","Waltzing - Rome",4,43,"Retail",NA,"salt maker, dealer","salarius"
"491","salgamarius","salgamarius","i",NA,NA,"male","Petrikovits 1981a",4,43,"Food-Production",NA,"one who makes or sells pickles","salgamarius"
"492","salinator","salinator","oris",NA,"salinator","male","Waltzing - provinces",4,45,"Food-Retail",NA,"a dealer in salt","salinator"
"493","salsamentarius","salsamentarius","i",NA,NA,"male","Petrikovits 1981a",4,45,"Food-Retail",NA,"a dealer in salted fish","salsamentarius"
"494","salsarius","salsarius","i",NA,NA,"male","EDH/EDCS",6,61,"Food-Production",NA,"salt-worker, uncertain","salsarius"
"495","sandaliarius","sandaliarius","i",NA,NA,"male","Petrikovits 1981a",8,80,"Clothing","Shoe maker","sandal, shoe maker","sandaliarius"
"496","sarcinator","sarcinator","oris",NA,NA,"male","Petrikovits 1981a",7,79,"Clothing",NA,"a patcher, botcher, mender of old garments","sarcinator"
"497","sarcinator","sarcitor","oris",NA,NA,"male","Petrikovits 1981a",7,79,"Clothing",NA,"a patcher, botcher, mender of old garments","sarcitor"
"498","sarcinatrix","sarcinatrix","icis",NA,NA,"female","Petrikovits 1981b",7,79,"Clothing",NA,"female patcher, botcher, mender of old garments","sarcinatrix"
"499","sarcinatrix","sartcitrix","icis",NA,NA,"female","Petrikovits 1981b",7,79,"Clothing",NA,"female patcher, botcher, mender of old garments","sartcitrix"
"500","sartor","sarsor","oris",NA,NA,"male","Petrikovits 1981a",6,61,"Miscellaneous Services",NA,"A hoer, weeder, cultivator","sarsor"
"501","sartor","sartor","oris",NA,NA,"male","Petrikovits 1981a",6,61,"Miscellaneous Services",NA,"A hoer, weeder, cultivator","sartor"
"502","sartor","sartur","uris",NA,NA,"male","Petrikovits 1981a",6,61,"Miscellaneous Services",NA,"A hoer, weeder, cultivator","sartur"
"503","scabillarius","scabillarius","i",NA,"scabillarius","male","Waltzing - Rome",9,99,"Miscellaneous Services",NA,"player of a footstool, cricket","scabillarius"
"504","scaenarius","scaenarius","i",NA,NA,"male","Petrikovits 1981a",1,16,"Plastic Arts",NA,"a painter","scaenarius"
"505","scaenicus","scaenicus","i",NA,"scaenicus","male","Waltzing - Rome",1,17,"Performing Arts",NA,"of the stage, scenic, dramatic, theatrical","scaenicus"
"506","scalarius","scalarius","i",NA,NA,"male","Petrikovits 1981a",9,95,"Building",NA,"step maker, ladder maker","scalarius"
"507","scalptor","scalptor","oris",NA,NA,"male","Petrikovits 1981a",1,16,"Plastic Arts",NA,"a cutter, graver in metal or stone","scalptor"
"508","scamillarius","scamillarius","i",NA,"scamillarius","male","Waltzing - provinces",9,99,"Miscellaneous Services",NA,"player of a footstool, cricket","scamillarius"
"509","scapharius","scapharius","i",NA,"scapharius","male","Waltzing - Rome",0,4,"Transport","Maritime/water transport","owner of a small boat","scapharius"
"510","scaurarius","scaurarius","i",NA,NA,"male","Petrikovits 1981a",7,72,"Metal-Working",NA,"slag worker","scaurarius"
"511","scholasticus","scholasticus","i",NA,"scholasticus","male","Waltzing - provinces",1,13,"Education",NA,"who teaches or studies rhetoric, a lecturer in the schools, a rhetorician","scholasticus"
"512","scissor","scissor","oris",NA,NA,"male","Petrikovits 1981a",8,82,"Building",NA,"a carver, kind of gladiator","scissor"
"513","scriba","scriba","ae",NA,"scriba","male","Waltzing - Rome",3,30,"Education",NA,"a public writer, official scribe, professional writer, clerk, secretary","scriba"
"514","scriptor","scriptor","oris",NA,"scriptor","male","Petrikovits 1981a",3,30,"Managerial",NA,"one who writes, a writer, scribe, copyist, clerk","scriptor"
"515","sculptor","sculptor","oris",NA,NA,"male","Petrikovits 1981a",1,16,"Plastic Arts",NA,"one who cuts, carves, or engraves in stone, wood","sculptor"
"516","sculptor","scultor","oris",NA,NA,"male","Petrikovits 1981a",1,16,"Plastic Arts",NA,"one who cuts, carves, or engraves in stone, wood","scultor"
"517","scutarius","scutarius","i",NA,NA,"male","Petrikovits 1981a",8,83,"Miscellaneous Services",NA,"shield maker","scutarius"
"518","sector","sector","oris",NA,"sector","male","Waltzing - Rome",8,82,"Building",NA,"one who cuts, a cutter","sector"
"519","segmentarius","segmentarius","i",NA,NA,"male","Petrikovits 1981a",8,88,"Metal-Working",NA,"trimmer with gold or seller","segmentarius"
"520","seplasiarius","seplasiarius","i",NA,NA,"male","Petrikovits 1981a",9,94,"Miscellaneous Services",NA,"anoitment maker and seller","seplasiarius"
"521","sericarius","sericarius","i",NA,NA,"male","Petrikovits 1981a",7,75,"Clothing",NA,"silk producer and dealer","sericarius"
"522","serrarius","serrarius","i",NA,"serrarius","male","Waltzing - provinces",8,82,"Building","Stone worker","stone-sawyer","serrarius"
"523","sessoriarius","sessoriarius","i",NA,NA,"male","Petrikovits 1981a",8,81,"Household Goods",NA,"armchair maker","sessoriarius"
"524","sigillarius","sigillariarius","i",NA,NA,"male","Petrikovits 1981a",8,89,"Household Goods",NA,"a potter","sigillariarius"
"525","sigillarius","sigillarius","i",NA,NA,"male","Petrikovits 1981a",8,89,"Household Goods",NA,"a potter","sigillarius"
"526","sigillarius","sigillator","oris",NA,NA,"male","Petrikovits 1981a",8,89,"Household Goods",NA,"a potter","sigillator"
"527","signarius","signarius","i",NA,NA,"male","Petrikovits 1981a",1,16,"Plastic Arts",NA,"a sculptor","signarius"
"528","signator","signator","oris",NA,NA,"male","Petrikovits 1981a",3,39,"Finance",NA,"one who stamps money, a coiner","signator"
"529","similaginarius","siliginarius","i",NA,NA,"male","Petrikovits 1981a",5,53,"Food-Production",NA,"wheat bread baker","siliginarius"
"530","similaginarius","similaginarius","i",NA,NA,"male","Petrikovits 1981a",5,53,"Food-Production",NA,"wheat bread baker","similaginarius"
"531","sindoniacus","sindiniacus","i",NA,NA,"male","Petrikovits 1981a",7,75,"Clothing",NA,"cotton stuff, muslin maker","sindiniacus"
"532","sindoniacus","sindoniacus","i",NA,"sindoniacus","male","Waltzing - provinces",7,75,"Clothing",NA,"cotton stuff, muslin maker","sindoniacus"
"533","sindoniacus","sintoniacus","i",NA,NA,"male","Petrikovits 1981a",7,75,"Clothing",NA,"cotton stuff, muslin maker","sintoniacus"
"534","siricarius","siricaria","ae",NA,NA,"male","Petrikovits 1981a",7,75,"Clothing",NA,"silk producer and dealer","siricaria"
"535","siricarius","siricarius","i",NA,NA,"male","Petrikovits 1981a",7,75,"Clothing",NA,"silk producer and dealer","siricarius"
"536","solearius","solatarius","i",NA,NA,"male","Petrikovits 1981a",8,80,"Clothing","Shoe maker","shoe maker","solatarius"
"537","solearius","solearius","i",NA,NA,"male","Petrikovits 1981a",8,80,"Clothing","Shoe maker","shoe maker","solearius"
"538","solearius","soliarius","i",NA,NA,"male","Petrikovits 1981a",8,80,"Clothing","Shoe maker","shoe maker","soliarius"
"539","spatharius","spatharius","i",NA,NA,"male","Petrikovits 1981a",8,83,"Metal-Working",NA,"a broad sword with a double edge, sabre maker","spatharius"
"540","specularius","speclariarius","i",NA,NA,"male","Petrikovits 1981a",8,89,"Glass-Working",NA,"a mirror-maker, window glass maker","speclariarius"
"541","specularius","speclarius","i",NA,NA,"male","Petrikovits 1981a",8,89,"Glass-Working",NA,"a mirror-maker, window glass maker","speclarius"
"542","specularius","speculariarius","i",NA,NA,"male","Petrikovits 1981a",8,89,"Glass-Working",NA,"a mirror-maker, window glass maker","speculariarius"
"543","specularius","specularius","i",NA,"specularius","male","Waltzing - Rome",8,89,"Glass-Working",NA,"a mirror-maker, window glass maker","specularius"
"544","statuarius","statuarius","i",NA,NA,"male","Petrikovits 1981a",1,16,"Plastic Arts",NA,"a maker of statues, a statuary ","statuarius"
"545","structor","sructor","oris",NA,NA,"male","Petrikovits 1981a",9,95,"Building","Wood worker","a builder, mason, carpenter","sructor"
"546","structor","structor","oris",NA,"structor","male","Waltzing - Rome",9,95,"Building","Wood worker","a builder, mason, carpenter","structor"
"547","stuppator","stuppator","oris",NA,NA,"male","Petrikovits 1981a",8,81,"Building","Wood worker","caulker, joiner","stuppator"
"548","suarius","suarius","i",NA,"suarius","male","Waltzing - Rome",6,62,"Food-Production",NA,"pig breader","suarius"
"549","subaedanus","subaedanus","i",NA,NA,"male","Petrikovits 1981b",5,54,"Miscellaneous Services",NA,"worker inside the house","subaedanus"
"550","subaedanus","subaedius","i",NA,NA,"male","Petrikovits 1981a",5,54,"Miscellaneous Services",NA,"worker inside the house","subaedius"
"551","subaedanus","subedius","i",NA,NA,"male","Petrikovits 1981a",5,54,"Miscellaneous Services",NA,"worker inside the house","subedius"
"552","subaedianus","subaedianus","i",NA,"subaedianus","male","Waltzing - Rome",9,95,"Building","Wood worker","carpenter ?","subaedianus"
"553","subaedianus","subidianus","i",NA,"subidianus","male","Waltzing - provinces",9,95,"Building","Wood worker","carpenter ?","subidianus"
"554","subrutor","subrutor","oris",NA,"subrutor","male","Waltzing - Rome",9,99,"Building",NA,"demolisher","subrutor"
"555","suppostor","suppostor","oris",NA,NA,"male","Petrikovits 1981a",3,31,"Finance",NA,"coin maker","suppostor"
"556","susceptor","susceptor","oris",NA,"susceptor","male","Waltzing - Rome",9,99,"Miscellaneous Services",NA,"one who undertakes any thing, contractor","susceptor"
"557","sutor","sutor","oris",NA,"sutor","male","Waltzing - Rome",8,80,"Clothing","Shoe maker","a shoemaker, cobbler","sutor"
"558","tabernacularius","tabernaclarius","i",NA,NA,"male","Petrikovits 1981a",7,79,"Miscellaneous Services",NA,"tent maker","tabernaclarius"
"559","tabernacularius","tabernacularius","i",NA,NA,"male","Petrikovits 1981a",7,79,"Miscellaneous Services",NA,"tent maker","tabernacularius"
"560","tabernarius","tabernarius","i",NA,"tabernarius","male","Waltzing - Rome",4,45,"Retail",NA,"shopkeepers, small dealers","tabernarius"
"561","tector","tector","oris",NA,"tector","male","Waltzing - provinces",9,95,"Building",NA,"one that overlays walls with plaster, stucco, etc., a plasterer, pargeter","tector"
"562","tegularius","tegularius","i",NA,NA,"male","Petrikovits 1981a",9,95,"Building",NA,"a tile, roof-tile maker","tegularius"
"563","tessalarius","tessalarius","i",NA,NA,"male","Petrikovits 1981a",1,16,"Plastic Arts",NA,"mosaicer, maker of mosaic","tessalarius"
"564","tessalarius","tesselator","oris",NA,NA,"male","Petrikovits 1981a",1,16,"Plastic Arts",NA,"mosaicer, maker of mosaic","tesselator"
"565","tessalarius","tessellarius","i",NA,NA,"male","Petrikovits 1981a",1,16,"Plastic Arts",NA,"mosaicer, maker of mosaic","tessellarius"
"566","testarius","testarius","i",NA,NA,"male","Petrikovits 1981a",9,95,"Building",NA,"tile, brick maker","testarius"
"567","textor","textor","oris",NA,NA,"male","Petrikovits 1981a",7,75,"Clothing",NA,"weaver","textor"
"568","textrix","textrix","icis",NA,NA,"female","Petrikovits 1981a",7,75,"Clothing",NA,"female weaver","textrix"
"569","tibiarius","tibiarius","i",NA,NA,"male","Petrikovits 1981a",9,95,"Transport","Maritime/water transport","fleet manufacturer, ship maker","tibiarius"
"570","tibicinus","tibicinus","i",NA,"tibicinus","male","Waltzing - Rome",1,17,"Performing Arts",NA,"flute player","tibicinus"
"571","tignarius","ticnarius","i",NA,NA,"male","Petrikovits 1981a",9,95,"Building","Wood worker","carpenter","ticnarius"
"572","tignarius","tignarius","i",NA,"tignarius","male","Waltzing - provinces",9,95,"Building","Wood worker","carpenter","tignarius"
"573","tignarius","tignor","oris",NA,NA,"male","Petrikovits 1981a",9,95,"Building","Wood worker","carpenter","tignor"
"574","tignarius","tignuarius","i",NA,NA,"male","Petrikovits 1981a",9,95,"Building","Wood worker","carpenter","tignuarius"
"575","tinctor","tinctor","oris",NA,"tinctor","male","Waltzing - Rome",7,75,"Clothing","Colour production","a dyer","tinctor"
"576","tonsor","tonsor","oris",NA,"tonsor","male","Waltzing - Rome",5,57,"Miscellaneous Services",NA,"a shearer, clipper, shaver, hair-cutter, barber","tonsor"
"577","tonsor","tosor","oris",NA,NA,"male","Petrikovits 1981a",5,57,"Miscellaneous Services",NA,"hairdresser and shearers","tosor"
"578","tonsor","tussor","oris",NA,NA,"male","Petrikovits 1981a",5,57,"Miscellaneous Services",NA,"hairdresser and shearers","tussor"
"579","tonstrix","tonstrix","icis",NA,NA,"female","Petrikovits 1981a",5,55,"Miscellaneous Services",NA,"female hairdresser and shearers","tonstrix"
"580","tonstrix","tostrix","icis",NA,NA,"female","Petrikovits 1981a",5,57,"Miscellaneous Services",NA,"female hairdresser and shearers","tostrix"
"581","topiarius","topiarius","i",NA,NA,"male","Petrikovits 1981a",5,55,"Miscellaneous Services",NA,"gardener, landscaper","topiarius"
"582","tosillaria","tonsillaria","ae",NA,NA,"female","Petrikovits 1981a",5,57,"Miscellaneous Services",NA,"female hairdresser","tonsillaria"
"583","tosillaria","tosillaria","ae",NA,NA,"female","Petrikovits 1981a",5,57,"Miscellaneous Services",NA,"female hairdresser","tosillaria"
"584","tractator","tractator","oris",NA,NA,"male","Petrikovits 1981a",0,6,"Miscellaneous Services",NA,"A slave among the Romans, who manipulated and suppled his master's limbs while anointing them; a shampooer","tractator"
"585","transvectuarius","transvectuarius","i",NA,"transvectuarius","male","Waltzing - provinces",0,4,"Transport","Maritime/water transport","ship owner","transvectuarius"
"586","trapezita","trapezita","ae",NA,"trapezita","male","Waltzing - provinces",3,33,"Finance",NA,"a money-changer","trapezita"
"587","tubarius","tubarius","i",NA,NA,"male","Petrikovits 1981a",8,83,"Miscellaneous Services","Military","a trumpet, war-trumpet maker and distributor","tubarius"
"588","tubularius","tubularius","i",NA,NA,"male","Petrikovits 1981a",8,87,"Water-Management",NA,"pipe maker","tubularius"
"589","unctor","uctor","oris",NA,NA,"male","Petrikovits 1981a",5,57,"Miscellaneous Services",NA,"an anointer","uctor"
"590","unctor","unctor","oris",NA,"unctor","male","Waltzing - Rome",5,57,"Miscellaneous Services",NA,"an anointer","unctor"
"591","unctrix","unctrix","icis",NA,NA,"female","Petrikovits 1981a",5,57,"Miscellaneous Services",NA,"female perfume or ointment maker","unctrix"
"592","unguentarius","ungnetarius","i",NA,NA,"male","Petrikovits 1981a",5,57,"Miscellaneous Services",NA,"perfume or ointment maker","ungnetarius"
"593","unguentarius","unguentarius","i",NA,NA,"male","Petrikovits 1981a",5,57,"Miscellaneous Services",NA,"perfume or ointment maker","unguentarius"
"594","urinator","urinator","oris",NA,"urinator","male","Waltzing - Rome",6,64,"Food-Production",NA,"a fisherman","urinator"
"595","ustor","ustor","oris",NA,NA,"male","Petrikovits 1981a",5,59,"Death-care sector",NA,"mortician","ustor"
"596","utricularius","utriclarius","i",NA,"utriclarius","male","Waltzing - provinces",0,4,"Transport","Maritime/water transport","a bagpiper, The master of a raft floated on bladders, used for ferriage","utriclarius"
"597","utricularius","utricularius","i",NA,"utricularius","male","Waltzing - provinces",0,4,"Transport","Maritime/water transport","a bagpiper, The master of a raft floated on bladders, used for ferriage","utricularius"
"598","vascularius","vasclarius","i",NA,NA,"male","Petrikovits 1981a",8,88,"Metal-Working",NA,"a worker in metals, whitesmith, goldsmith","vasclarius"
"599","vascularius","vascularius","i",NA,"vascularius","male","Waltzing - Rome",8,88,"Metal-Working",NA,"a worker in metals, whitesmith, goldsmith","vascularius"
"600","vector","vector","oris",NA,"vector","male","Waltzing - Rome",9,97,"Transport","Land transport","one who bears, a bearer, carrier","vector"
"601","venator","venator","oris",NA,"venator","male","Waltzing - Rome",6,64,"Miscellaneous Services",NA,"a hunter","venator"
"602","vestiarius","vestiarius","i",NA,"vestiarius","male","Waltzing - Rome",4,43,"Retail",NA,"a clothes-dealer","vestiarius"
"603","vestifex","vestifex","icis",NA,NA,"male","Petrikovits 1981a",7,79,"Clothing",NA,"tailor","vestifex"
"604","vestifex","vestificus","i",NA,NA,"male","Petrikovits 1981a",7,79,"Clothing",NA,"tailor","vestificus"
"605","vestiplex","vestiplex","icis",NA,NA,"male","Petrikovits 1981a",7,79,"Clothing",NA,"a clothes-folder","vestiplex"
"606","vestiplex","vestiplicus","i",NA,NA,"male","Petrikovits 1981a",7,79,"Clothing",NA,"a clothes-folder","vestiplicus"
"607","vestitor","vestitor","oris",NA,NA,"male","Petrikovits 1981a",7,79,"Clothing",NA,"tailor","vestitor"
"608","veterarius","veterarius","i",NA,NA,"male","Petrikovits 1981a",9,99,"Miscellaneous Services",NA,"fixer of old things","veterarius"
"609","vexillarius","vexillarius","i",NA,"vexillarius","male","Waltzing - provinces",8,83,"Miscellaneous Services","Military","a standard-bearer, maker","vexillarius"
"610","vietor","vietor","oris",NA,NA,"male","Petrikovits 1981a",8,81,"Household Goods",NA,"basket weaver","vietor"
"611","vietor","vitor","oris",NA,NA,"male","Petrikovits 1981a",8,81,"Household Goods",NA,"basket weaver","vitor"
"612","viminarius","viminarius","i",NA,NA,"male","Petrikovits 1981a",8,81,"Household Goods",NA,"weaver","viminarius"
"613","vinarius","vinariarius","i",NA,"vinariarius","male","Waltzing - Rome",4,43,"Food-Retail",NA,"a wine - dealer","vinariarius"
"614","vinarius","vinarius","i",NA,"vinarius","male","Waltzing - provinces",4,43,"Food-Retail",NA,"a wine-dealer, vintner","vinarius"
"615","violarius","violarius","i",NA,"violarius","male","Waltzing - Rome",7,75,"Clothing","Colour production","a dyer of violet color","violarius"
"616","viridarius","viridarius","i",NA,NA,"male","Petrikovits 1981a",5,55,"Miscellaneous Services",NA,"gardener","viridarius"
"617","vitrarius","vitrarius","i",NA,NA,"male","Petrikovits 1981b",8,89,"Glass-Working",NA,"glass manufacturer","vitrarius"
"618","vitrarius","vitrearius","i",NA,NA,"male","Petrikovits 1981a",8,89,"Glass-Working",NA,"glass manufacturer","vitrearius"
"619","vitrarius","vitriarius","i",NA,NA,"male","Petrikovits 1981a",8,89,"Glass-Working",NA,"glass manufacturer","vitriarius"
